TR,TE,CNR_WM_GM,CNR_GM_CSF,CNR_WM_CSF
200,10,0.9832563688744627,3.0841546160473237,4.0674109849217865
200,15,0.8583404871592003,2.822773825878941,3.6811143130381416
200,20,0.7441530336182389,2.574421069081443,3.318574102699682
200,25,0.639889882947961,2.3384602609905216,2.9783501439384827
200,30,0.544803145986776,2.114286340904772,2.6590894868915482
200,35,0.4581973959480241,1.9013237590248138,2.3595211549728377
200,40,0.3794261411727659,1.6990250371852547,2.0784511783580206
200,45,0.3078885285945888,1.5068693997806009,1.8147579283751898
200,50,0.2430262631088427,1.3243614714617185,1.5673877345705611
200,55,0.18432072897637125,1.1510300383463932,1.3353507673227645
200,60,0.13129030027056246,0.986426869646368,1.1177171699169306
200,65,0.08348782820023701,0.8301255967643292,0.9136134249645662
200,70,0.040498293912968886,0.6817206470579824,0.7222189409709513
200,75,0.0019366161068821303,0.540826229605083,0.5427628457119651
200,80,0.03255439654289531,0.40707537043329634,0.374520973890401
200,85,0.06330595750148153,0.2801189948024637,0.21681303730098217
200,90,0.09062508779809006,0.15962505424450615,0.0689999664464161
200,95,0.11479628296129224,0.0452776961781004,0.06951858678319184
200,100,0.1360830691476432,0.06322352597826764,0.19930659512591084
200,105,0.1547294556556524,0.16616440416998488,0.3208938598256373
200,110,0.17096129055798673,0.26381679042556083,0.43477808098354753
200,115,0.1849875257546929,0.3564392767185825,0.5414268024732753
200,120,0.1970013973472174,0.4442778416724122,0.6412792390196296
200,125,0.20718152685548497,0.5275664657247027,0.7347479925801876
200,130,0.21569294844659379,0.606527716289985,0.8222206647365788
200,135,0.22268806701237887,0.6813733043835267,0.9040613713959056
200,140,0.2283075516227152,0.7523046140983048,0.9806121657210201
200,145,0.23268116859073046,0.8195132062590905,1.052194374849821
200,150,0.23592855811378402,0.8831812975130039,1.1191098556267878
200,155,0.23815995819904193,0.9434822160545491,1.181642174253591
200,160,0.23947687934359715,1.0005808351246628,1.2400577144682599
200,165,0.23997273321541313,1.0546339853677544,1.2946067185831676
200,170,0.23973341837184042,1.1057908470778495,1.3455242654496897
200,175,0.23883786585632924,1.1541933233146424,1.3930311891709717
200,180,0.23735854733022316,1.1999763948224706,1.4373349421526938
200,185,0.23536194822455267,1.2432684576396589,1.4786304058642115
200,190,0.23290900823569588,1.2841916442424643,1.5171006524781603
200,195,0.23005553133799747,1.3228621290266311,1.5529176603646289
200,200,0.22685256734529838,1.3593904188904222,1.5862429862357208
300,10,1.2514840512555525,4.356923913494113,5.608407964749666
300,15,1.0814708628575795,3.9794013890157616,5.0608722518733416
300,20,0.9263252567271618,3.6207061984161464,4.547031455143308
300,25,0.7849237161827755,3.279919084726007,4.0648428009087825
300,30,0.6562216579115584,2.9561656262569262,3.6123872841684848
300,35,0.5392481198467337,2.648614049952404,3.1878621697991374
300,40,0.4331007967284778,2.3564731513830908,2.7895739481115682
300,45,0.33694140102305675,2.0789903161850614,2.4159317172081183
300,50,0.2499913282890745,1.8154496379936984,2.0654409662827726
300,55,0.17152760740507117,1.5651701281670336,1.7366977355721047
300,60,0.10087911731499408,1.3275040128219437,1.4283831301369376
300,65,0.03742305311230515,1.1018351129248698,1.139258166037175
300,70,0.019418374625321255,0.8875773033864706,0.8681589287611493
300,75,0.07018102231620416,0.6841730473071288,0.6139920249909246
300,80,0.11536169177694747,0.4910920017081675,0.3757303099312201
300,85,0.15542081775594963,0.30782969126236515,0.15240887350641552
300,90,0.19078497696581598,0.1339062467074173,0.05687873025839868
300,95,0.2218492301938116,0.031134795212277994,0.25298402540608955
300,100,0.2489793083306841,0.18772763327630504,0.43670694160698914
300,105,0.2725136524659683,0.33628528764577287,0.6087989401117412
300,110,0.2927653175492522,0.4772006327629613,0.7699659503122135
300,115,0.3100237485093388,0.6108473798758337,0.9208711283851725
300,120,0.3245564371539025,0.7375810116442422,1.0621374487981445
300,125,0.3366104676390355,0.8577396711648484,1.194350138803884
300,130,0.3464139577984727,0.971645007637759,1.3180589654362318
300,135,0.3541774031543904,1.0796029807895082,1.4337803839438987
300,140,0.36009492999335285,1.1819046260638455,1.5419995560571984
300,145,0.3643454634804477,1.2788267824937158,1.6431722459741636
300,150,0.36709381640016026,1.370632785074486,1.7377266014746462
300,155,0.3684917037524393,1.4575731233697222,1.8260648271221616
300,160,0.3686786880951641,1.5398860679963626,1.9085647560915269
300,165,0.3677830602084292,1.6177982665558361,1.9855813267642655
300,170,0.3659226593603345,1.6915253105012604,2.057447969861595
300,175,0.36320563717707477,1.7612722743581881,2.124477911535263
300,180,0.35973116886084366,1.8272342286472252,2.1869653975080694
300,185,0.3555901152563469,1.889596727791113,2.24518684304746
300,190,0.35086563903943613,1.9485362742262788,2.299401913265715
300,195,0.34563377808865137,2.004220759879386,2.349854537968038
300,200,0.3399639789012868,2.056809886112806,2.396773865014093
400,10,1.3997351879156128,5.4777975902731,6.877532778188713
400,15,1.1940294467656085,4.992876313063529,6.186905759829137
400,20,1.0066564753503524,4.5321519368037375,5.53880841215409
400,25,0.8362192791949996,4.094442998889121,4.93066227808412
400,30,0.6814194649014934,3.678625660736521,4.360045125638014
400,35,0.541050585302888,3.2836308974190085,3.8246814827218962
400,40,0.4139919210226356,2.908441824363854,3.3224337453864896
400,45,0.2992026703789133,2.552091154428947,2.85129382480786
400,50,0.1957165213529219,2.213658778999132,2.409375300352054
400,55,0.1026365810076535,1.8922694670538545,1.994906048061508
400,60,0.019130639306323,1.5870906764526453,1.6062213157589682
400,65,0.05557325425584181,1.2973304719654688,1.241757217709627
400,70,0.1221909214201615,1.0222355448419789,0.9000446234218175
400,75,0.18138591226095138,0.7610893289675263,0.579703416706575
400,80,0.23377310633212883,0.5132102088953323,0.2794371025632035
400,85,0.2799220744568287,0.2779498152740187,0.001972259182810021
400,90,0.3203602166946338,0.05469140340809836,0.26566881328653547
400,95,0.355575691029452,0.15715168910294744,0.5127273801323995
400,100,0.38602014639208326,0.35813750950374756,0.7441576558958308
400,105,0.41211127276105236,0.5487968854688885,0.9609081582299408
400,110,0.4342351802698999,0.7296347526252099,1.1638699328951099
400,115,0.4527486184851489,0.901131417330054,1.3538800358152028
400,120,0.46798104630358867,1.0637437578630802,1.531724804166669
400,125,0.4802365622470706,1.217906367035225,1.6981429292822956
400,130,0.4897957043051956,1.3640326390719661,1.8538283433771618
400,135,0.49691712788801773,1.5025158034886368,1.9994329313766546
400,140,0.5018391699000875,1.6337299085430153,2.1355690784431025
400,145,0.5047813064312053,1.7580307567243598,2.262812063155565
400,150,0.5059455110760749,1.8757567946180786,2.3817023056941533
400,155,0.5055175204425576,1.987229959371165,2.4927474798137226
400,160,0.503668012984507,2.0927564838750143,2.5964244968595214
400,165,0.5005537068984132,2.1926276626789787,2.693181369577392
400,170,0.4963183824515119,2.287120580549878,2.78343896300139
400,175,0.49109383376125926,2.3764988054991947,2.8675926392604536
400,180,0.4850007547203203,2.4610130480109396,2.9460138027312595
400,185,0.47814956345640613,2.540901788118566,3.019051351574972
400,190,0.4706411694308398,2.616391871898962,3.0870330413298013
400,195,0.4625676870125755,2.6876990788750628,3.150266765887638
400,200,0.4540130991143112,2.7550286617459028,3.2090417608602135
500,10,1.4480047507784575,6.459445493280755,7.907450244059212
500,15,1.2146416486287726,5.875217569290936,7.089859217919709
500,20,1.0024932266296138,5.320158205760933,6.322651432390547
500,25,0.8099290553753232,4.792843148748625,5.602772204123949
500,30,0.635434318759226,4.291917610207198,4.9273519289664245
500,35,0.47760198848111474,3.816092880082944,4.293694868564058
500,40,0.33512551271004803,3.364143103643006,3.699268616353054
500,45,0.20679198579896252,2.9349022159747515,3.141694201773714
500,50,0.09147576804838381,2.5272610259913986,2.6187367940397825
500,55,0.011867473514420857,2.140164442652394,2.128296969137973
500,60,0.10420633052932032,1.7726088364626225,1.6684025059333023
500,65,0.18643885032960383,1.42363952965288,1.2372006793232762
500,70,0.2593973884393794,1.09234840876569,0.8329510203263106
500,75,0.32385313886246836,0.7778716536767122,0.45401851481424377
500,80,0.3805203630602716,0.4793875773731332,0.0988672143128616
500,85,0.4300603371828346,0.19611457108728858,0.23394576609554601
500,90,0.4730850358682377,0.07269085035262607,0.5457758862208638
500,95,0.5101605697550076,0.3277359078424774,0.837896477597485
500,100,0.5418103927557677,0.5696933266419769,1.1115037193977446
500,105,0.5685182941131323,0.7992030187568638,1.367721312869996
500,110,0.5907311892964291,1.0168736832703085,1.6076048725667376
500,115,0.6088617228964477,1.2232843286252175,1.8321460515216652
500,120,0.6232906958309276,1.4189857206639116,2.0422764164948393
500,125,0.6343693283825231,1.6045017600460765,2.2388710884285996
500,130,0.6424213698501605,1.780330792489191,2.4227521623393513
500,135,0.6477450649007968,1.9469468551077784,2.594691920008575
500,140,0.6506149860587427,2.1048008619679344,2.755415848026677
500,145,0.6512837411611353,2.2543217318216575,2.905605472982793
500,150,0.649983564038176,2.3959174608409026,3.0459010248790785
500,155,0.6469277961431115,2.5299761430337537,3.176903939176865
500,160,0.6423122663571798,2.6568669408942838,3.2991792072514636
500,165,0.6363165757268443,2.776941008713239,3.413257584440083
500,170,0.6291052934525442,2.8905323708583204,3.519637664310865
500,175,0.6208290700380922,2.9979587572201685,3.6187878272582603
500,180,0.6116256731257874,3.09952239791319,3.7111480710389775
500,185,0.6016209511830012,3.1955107792182997,3.7971317304013006
500,190,0.5909297298694273,3.286197362657907,3.877127092527334
500,195,0.5796566455993364,3.371842269001164,3.9514989146004997
500,200,0.5678969205183889,3.4526929289098547,4.0205898494282435
600,10,1.4135739779217726,7.3135642573500315,8.727138235271804
600,15,1.1593952688002367,6.637519194798509,7.796914463598746
600,20,0.9288093209391279,5.995245913958937,6.924055234898065
600,25,0.7199871510977618,5.385095346414261,6.105082497512022
600,30,0.5312300757917332,4.805498854754858,5.336728930546592
600,35,0.36096086642467967,4.254964309899606,4.615925176324286
600,40,0.20771548665535627,3.7320723597282113,3.9397878463835676
600,45,0.07013537446354245,3.235472879694544,3.3056082541580865
600,50,0.05303976623724643,2.7638815965456542,2.710841830308408
600,55,0.16297869735756865,2.3160768767039515,2.1530981793463826
600,60,0.26076493258361116,1.8908966712818762,1.630131738698265
600,65,0.34740260638340265,1.4872356100900084,1.1398330037066056
600,70,0.423821953089637,1.1040422373720937,0.6802202842824567
600,75,0.49088442135808846,0.7403163823548816,0.2494319609967932
600,80,0.5493874476861296,0.39510665803781514,0.1542807896483145
600,85,0.6000689111631388,0.06750808196819835,0.5325608291949404
600,90,0.643611290207486,0.24334018694743137,0.8869514771549174
600,95,0.6806455407168323,0.538257001254891,1.2189025419717232
600,100,0.7117547138148147,0.8180212727700538,1.5297759865848686
600,105,0.7374773302117728,1.0833739205232582,1.820851250735031
600,110,0.7583105271056462,1.3350197237013535,2.0933302508069995
600,115,0.7747129925267764,1.5736290842206055,2.348342076747382
600,120,0.7871077010725077,1.7998397033379436,2.5869474044104517
600,125,0.7958844640805867,2.014258176492831,2.8101426405734173
600,130,0.801402306450099,2.217461510367776,3.018863816817875
600,135,0.8039916815319805,2.409998565960901,3.2139902474928816
600,140,0.8039565347742205,2.5923914312789718,3.3963479660531926
600,145,0.8015762261168676,2.7651367270834255,3.5667129532002932
600,150,0.7971073204858503,2.9287068489543073,3.725814169440157
600,155,0.7907852551295613,3.083551148778082,3.8743364039076433
600,160,0.7828258919757396,3.230097058613516,4.012922950589255
600,165,0.7734269626557866,3.368751159745989,4.142178122401775
600,170,0.7627694133471488,3.4999001996033394,4.262669612950488
600,175,0.7510186561195648,3.6239120590761535,4.374930715195719
600,180,0.7383257330358544,3.7411366726612165,4.479462405697071
600,185,0.7248283988506663,3.851906903729052,4.576735302579719
600,190,0.7106521277693296,3.95653937710409,4.667191504873419
600,195,0.6959110493721894,4.055335271039414,4.751246320411603
600,200,0.6807088184759018,4.148581070566422,4.8292898890423235
700,10,1.3113481828338713,8.050950228684924,9.362298411518795
700,15,1.0421569738490204,7.290019639342872,8.332176613191892
700,20,0.7985023186606877,6.567122901921034,7.365625220581721
700,25,0.5783870255435364,5.880402779381331,6.4587898049248675
700,30,0.3799568537555642,5.228092618958173,5.608049472713737
700,35,0.2014907821956749,4.608511934296945,4.81000271649262
700,40,0.04139191985650936,4.020062203054287,4.061454122910797
700,45,0.10182098335778933,3.461222869451755,3.3594018860939654
700,50,0.22952146424498332,2.9305475417873232,2.70102607754234
700,55,0.3429827486767595,2.426660375396503,2.083677626719743
700,60,0.4433846627434443,1.9482526320185225,1.5048679692750782
700,65,0.53182008451782,1.4940794069642327,0.9622593224464127
700,70,0.6093009662533996,1.062956515901975,0.4536555496485753
700,75,0.6767639549292492,0.6537575334767315,0.023006421452517745
700,80,0.7350756372704617,0.2654109763575427,0.46966466091291903
700,85,0.785037433702776,0.10310237633064517,0.8881398100334211
700,90,0.8273901641347142,0.4527520318909975,1.2801421960257118
700,95,0.8628183069944062,0.7844602086282417,1.647278515622648
700,100,0.8919539715747944,1.0991041421742536,1.991058113749048
700,105,0.9153806024542063,1.3975182793327559,2.3128988817869622
700,110,0.9336364335541781,1.6804963649289337,2.6141327984831118
700,115,0.9472177082674768,1.948793426882161,2.896011135149638
700,120,0.9565816810321336,2.2031276644655415,3.159709345497675
700,125,0.9621494147368882,2.4441822444739096,3.4063316592107977
700,130,0.9643083874162545,2.6726070097916645,3.6369153972079187
700,135,0.9634149208248427,2.8890201046327197,3.852435025457562
700,140,0.95979644266736,3.094009520516534,4.053805963183894
700,145,0.9537535934992202,3.288134566845977,4.241888160345197
700,150,0.9455621885996024,3.471927269764213,4.417489458363816
700,155,0.9354750444512169,3.645893702788521,4.581368747239738
700,160,0.9237236788360047,3.8105152525482766,4.734238931384281
700,165,0.9105198929708239,3.9662498227921485,4.876769715762973
700,170,0.8960572435593686,4.113532979675137,5.009590223234506
700,175,0.8805124121238544,4.252779041189261,5.133291453313116
700,180,0.8640464784999728,4.384382113462052,5.248428591962025
700,185,0.8468061049293911,4.50871707651416,5.3555231814435516
700,190,0.828924636763647,4.6261405219409255,5.455065158704573
700,195,0.8105231253997663,4.736991644862676,5.547514770262443
700,200,0.7917112786997315,4.841593092374061,5.633304371073793
800,10,1.1541543594804915,8.681566967695048,9.83572132717554
800,15,0.8748510680052751,7.842165956423003,8.717017024428278
800,20,0.6226546482243495,7.044744982925165,7.6673996311495145
800,25,0.3954260621389205,6.287254054934799,6.682680117073719
800,30,0.19118009461998875,5.567743165983812,5.7589232606038
800,35,0.008074852279263411,4.884357419021608,4.892432271300871
800,40,0.15559804380755327,4.2353323878578975,4.079734344050344
800,45,0.30142261637370327,3.618989704830597,3.3175670884568937
800,50,0.4308670832249645,3.033732863665822,2.6028657804408577
800,55,0.5452918408133389,2.478043227034786,1.9327513862214472
800,60,0.6459569169343801,1.9504762288245296,1.3045193118901497
800,65,0.7340289270130403,1.4496577616261246,0.7156288346130842
800,70,0.810587566242675,0.9742807404071782,0.16369317416450313
800,75,0.8766316677803726,0.5231018337760518,0.3535298340043208
800,80,0.9330848552702011,0.09493835466428957,0.8381465006059116
800,85,0.9808008161565309,0.311334697347794,1.2921355135043249
800,90,1.02056822055452,0.6967874494579043,1.7173556700124242
800,95,1.0531153088568028,1.0624378318561654,2.115553140712968
800,100,1.0791141697680342,1.409254123418882,2.488368293186916
800,105,1.099184729065547,1.7381573732473898,2.837342102312937
800,110,1.1138984680794681,2.0500237041069416,3.16392217218641
800,115,1.1237818896632015,2.345686503525594,3.4694683931887953
800,120,1.1293197482805544,2.6259385080318443,3.7552582563123984
800,125,1.1309580597636821,2.891533785742785,4.022491845506467
800,130,1.1291069052920126,3.1431896222602442,4.272296527552257
800,135,1.124143043202229,3.3815883145906693,4.505731357792898
800,140,1.1164123413590874,3.6073788775744275,4.723791218933515
800,145,1.1062320419925302,3.82117866709156,4.92741070908409
800,150,1.0938928701348591,4.023574924102811,5.11746779423767
800,155,1.0796609960691996,4.21512624338686,5.294787239456059
800,160,1.0637798615240885,4.396363970646318,5.460143832170407
800,165,1.0464718787158056,4.567793531476071,5.6142654101918765
800,170,1.0279400107473462,4.729895695517003,5.757835706264349
800,175,1.0083692413181615,4.883127778956181,5.891497020274343
800,180,0.9879279411794971,5.027924788380392,6.015852729559889
800,185,0.9667691382841869,5.1647005088432225,6.13146964712741
800,190,0.9450316981249665,5.293848538866475,6.238880236991441
800,195,0.9228414203297376,5.415743274963883,6.338584695293621
800,200,0.9003120571839804,5.530740848149064,6.431052905333044
900,10,0.9530032461487814,9.2146077330945,10.167610979243282
900,15,0.6677049361434262,8.30267322088114,8.970378157024564
900,20,0.4107634714846736,7.43637244370962,7.847135915194293
900,25,0.17992083460343367,6.61347692626586,6.7933977608692935
900,30,0.026917851386634717,5.831866884479786,5.804949033093151
900,35,0.21169549122309617,5.089525924572781,4.8778304333496845
900,40,0.37621344672340296,4.38453600063569,4.008322553912287
900,45,0.522141274555521,3.715072618128691,3.19293134357317
900,50,0.6510258173496014,3.079400271309257,2.428374453959656
900,55,0.7642996900940613,2.475868103179493,1.7115684130854318
900,60,0.8632892010832782,1.9029057771002986,1.0396165760170204
900,65,0.9492217441767855,1.3590195497493907,0.4097978055726051
900,70,1.0232326967807959,0.842788535603442,0.18044416117735385
900,75,1.0863718557618918,0.3528611536036286,0.7335107021582632
900,80,1.1396094414409128,0.11204825288061854,1.2516576943215312
900,85,1.1838416978835322,0.5531626312415119,1.737004329125044
900,90,1.2198961158944934,0.9716452780160658,2.1915413939105592
900,95,1.248536303427651,1.3686027481101593,2.6171390515378103
900,100,1.270466526536347,1.7450876221379752,3.015554148674322
900,105,1.2863359425016103,2.102101138796675,3.388437081298285
900,110,1.296742545382968,2.4405956988586177,3.737338244241586
900,115,1.3022368429323492,2.7614772470423667,4.063714089974716
900,120,1.3033252825899635,3.065607537718462,4.368932820308426
900,125,1.300473443137174,3.3538062901153376,4.654279733252512
900,130,1.2941090075101995,3.626853238414612,4.920962245924812
900,135,1.2846245312754592,3.8854900818619647,5.170114613137424
900,140,1.2723800203282412,4.130422339769963,5.402802360098203
900,145,1.2577053304971282,4.362321116051281,5.620026446548409
900,150,1.240902400913342,4.581824777694589,5.822727178607931
900,155,1.22224733223361,4.789540551380142,6.011787883613752
900,160,1.201992320083667,4.986046042227498,6.188038362311166
900,165,1.1803674534142587,5.171890678472945,6.352258131887203
900,170,1.157582386829405,5.347597085689206,6.505179472518612
900,175,1.1338278953551602,5.513662393983537,6.647490289338697
900,180,1.1092773195633252,5.670559481443039,6.779836801006364
900,185,1.0840879084465527,5.8187381569363605,6.902826065382913
900,190,1.0584020669563272,5.9586262852294425,7.017028352185769
900,195,1.032348514661664,6.090630857228672,7.122979371890336
900,200,1.006043361561826,6.215139008027639,7.2211823695894655
1000,10,0.7173199786321277,9.658553319362909,10.375873297995037
1000,15,0.4294650342085343,8.679579526957015,9.109044561165549
1000,20,0.17094293332375332,7.749622341646414,7.920565274970167
1000,25,0.06060351982973833,6.866288020534541,6.805684500704803
1000,30,0.2673604184290773,6.0272995728704934,5.759939154441416
1000,35,0.4513544991959606,5.230491065959883,4.779136566763922
1000,40,0.6144641096233805,4.473802208779764,3.859338099156384
1000,45,0.7584294467297831,3.7552731997538364,2.996843753024053
1000,50,0.8848621145977981,3.0730398258046465,2.1881777112068486
1000,55,0.9952540449396987,2.4253288004279088,1.43007475548821
1000,60,1.0909858221060054,1.8104533291316365,0.7194675070256312
1000,65,1.173334451307012,1.2268088911514332,0.053474439844421184
1000,70,1.243480606336729,0.6728692268940184,0.5706113794427106
1000,75,1.3025153907655822,0.14718252107543683,1.1553328696901455
1000,80,1.3514466443918016,0.35163222799006605,1.7030788723818677
1000,85,1.3912048247023288,0.8248886620293022,2.216093486731631
1000,90,1.4226484911846249,1.2738363480133712,2.6964848391979963
1000,95,1.4465694185416378,1.699663903139556,3.1462333216811937
1000,100,1.4636973631868249,2.1035019674060407,3.5671993305928655
1000,105,1.474704505826778,2.4864260312123867,3.9611305370391645
1000,110,1.4802095914694369,2.849459125056264,4.329668716525701
1000,115,1.4807817868194448,3.193574378052068,4.674356164871512
1000,120,1.4769442737333314,3.5196974516690696,4.996641725402401
1000,125,1.469177596200305,3.828708854774715,5.29788645097502
1000,130,1.4579227771843382,4.121446145771861,5.579368922956199
1000,135,1.443584220605084,4.398706027336497,5.842290247941582
1000,140,1.4265324127444405,4.661246338993825,6.0877787517382655
1000,145,1.4071064364381747,4.909787952515226,6.316894388953401
1000,150,1.385616310543667,5.145016574875573,6.530632885419241
1000,155,1.3623451663620534,5.36758446327924,6.729929629641293
1000,160,1.337551271932237,5.578112056543245,6.915663328475483
1000,165,1.3114699144021174,5.777189526916871,7.088659441318988
1000,170,1.2843151500158092,5.965378256218084,7.249693406233893
1000,175,1.2562814306319539,6.143212239977894,7.399493670609846
1000,180,1.2275451151043562,6.311199423103737,7.5387445382080935
1000,185,1.198265873310011,6.469822970401755,7.668088843711766
1000,190,1.1685879900984124,6.619542475134887,7.7881304652333005
1000,195,1.1386415759577897,6.7607951086389,7.89943668459669
1000,200,1.1085436907465027,6.893996713870883,8.002540404617385
1100,10,0.45514699110859314,10.021225592103912,10.476372583212505
1100,15,0.16758685971639542,8.980296894515764,9.14788375423216
1100,20,0.0898979837368169,7.991516910108261,7.901618926371444
1100,25,0.3197467980626645,7.0523388653893875,6.732592067326723
1100,30,0.5242209590554436,6.160340203092083,5.63611924403664
1100,35,0.7054162046687101,5.313216524055934,4.607800319387224
1100,40,0.8652740667090902,4.508775824566857,3.6435017578577673
1100,45,1.0055925418251592,3.7449330147450985,2.739340472919939
1100,50,1.1280360512010061,3.0197047042746434,1.8916686530736373
1100,55,1.2341447352088113,2.3312042424356805,1.097059507226869
1100,60,1.325343126318039,1.6776370000375518,0.35229387371951276
1100,65,1.4029482407893021,1.0572958814546507,0.3456523593346514
1100,70,1.4681771270857846,0.4685570555429189,0.9996200715428657
1100,75,1.5221539065045169,0.09012410523792092,1.6122780117424378
1100,80,1.5659163392525863,0.6202168876507221,2.1861332269033085
1100,85,1.600421947060268,1.1231189121149925,2.7235408591752606
1100,90,1.6265537214253916,1.6001596279366204,3.226713349362012
1100,95,1.6451254447116856,2.052603638073193,3.6977290827848783
1100,100,1.6568866495714805,2.48165386174856,4.13854051132004
1100,105,1.6625272405215497,2.8884545428247823,4.550981783346332
1100,110,1.6626817999638026,3.2740941114540316,4.9367759114178345
1100,115,1.6579335995030329,3.6396079061660105,5.297541505669043
1100,120,1.6488183360660462,3.9859807631975372,5.634799099263583
1100,125,1.6358276110643062,4.314149479539019,5.9499770906033245
1100,130,1.61941216966048,4.625005155856653,6.244417325517133
1100,135,1.5999849160929724,4.919395425148915,6.519380341241887
1100,140,1.5779237199764795,5.198126572710163,6.776050292686642
1100,145,1.553574027527204,5.461965552702293,7.015539580229498
1100,150,1.5272512907533065,5.711641906377043,7.238893197130349
1100,155,1.499243226801769,5.947849586745399,7.447092813547168
1100,160,1.469811918857368,6.171248694256795,7.641060613114162
1100,165,1.4391957692452002,6.382467127828173,7.821662897073373
1100,170,1.407611314691513,6.582102155351368,7.989713470042882
1100,175,1.3752549130457825,6.770721907605894,8.145976820651677
1100,180,1.3423043101568033,6.948866799312681,8.291171109469484
1100,185,1.3089200950248854,7.117050880882164,8.425970975907049
1100,190,1.2752470508180611,7.275763124236792,8.551010175054854
1100,195,1.241415408840614,7.4254686459231705,8.666884054763784
1100,200,1.207542012074734,7.566609870572292,8.774151882647027
1200,10,0.17332240428374612,10.309837040314928,10.483159444598675
1200,15,0.11159805815031676,9.211658386893523,9.100060328743206
1200,20,0.3658991481363061,8.168528360662537,7.80262921252623
1200,25,0.5920874240661289,7.177758488489622,6.585671064423493
1200,30,0.7924858092930864,6.236791424912416,5.44430561561933
1200,35,0.9692462674744162,5.343194556943503,4.373948289469087
1200,40,1.1243616343855038,4.494653920772628,3.3702922863871247
1200,45,1.2596766609984211,3.688968415155,2.429291754156579
1200,50,1.3768983191173367,2.924044297015976,1.5471459778986396
1200,55,1.477605417585165,2.1978899455084133,0.7202845279232484
1200,60,1.563257574003836,1.5086108814298782,0.05464669257395777
1200,65,1.6352035840332206,0.8544050295459571,0.7807985544872637
1200,70,1.6946892276376593,0.2335582119727328,1.4611310156649264
1200,75,1.742864549124136,0.3555601386503113,2.0984246877744472
1200,80,1.7807906454505182,0.9145010569163198,2.6952917023668377
1200,85,1.8094459950667356,1.4447399235324925,3.2541859185992283
1200,90,1.8297323574765627,1.947680155026231,3.7774125125027935
1200,95,1.842480271764113,2.424656713502095,4.267136985266208
1200,100,1.8484541805088905,2.8769394452258554,4.725393625734746
1200,105,1.8483572038085858,3.305736256383812,5.154093460192398
1200,110,1.8428355865325097,3.7121961339584564,5.555031720490966
1200,115,1.8324828404337938,4.097412019274244,5.929894859708037
1200,120,1.817843601348832,4.462423541398796,6.280267142747628
1200,125,1.799417220401961,4.808219617234534,6.607636837636495
1200,130,1.7776611069063717,5.135740924802273,6.913402031708646
1200,135,1.7529938395037212,5.445882255901287,7.198876095405007
1200,140,1.7257980610093808,5.739494754028766,7.465292815038146
1200,145,1.6964231714238136,6.017388043154568,7.713811214578382
1200,150,1.6651878326282759,6.280332252674355,7.945520085302631
1200,155,1.6323822974010465,6.529059943604548,8.161442241005595
1200,160,1.598270574565091,6.764267940835597,8.362538515400688
1200,165,1.563092441305478,6.98661907602513,8.549711517330607
1200,170,1.5270653129719611,7.196743845489165,8.723809158461126
1200,175,1.4903859800057144,7.395241987236961,8.885627967242677
1200,180,1.4532322209961521,7.582683981092885,9.035916202089037
1200,185,1.41576430028159,7.759612475656478,9.175376775938068
1200,190,1.3781263579533745,7.926543645668738,9.304670003622112
1200,195,1.340447699604772,8.08396848317885,9.424416182783624
1200,200,1.3028439926810274,8.232354025739939,9.535198018420965
1300,10,0.12236323098901714,10.531036640950521,10.408673409961505
1300,15,0.40273545790592835,9.379961721325985,8.977226263420057
1300,20,0.6521119865025932,8.286620349343663,7.6345083628410695
1300,25,0.87305396863053,7.248192844236106,6.375138875605576
1300,30,1.0679340628878957,6.2619970526332525,5.194062989745357
1300,35,1.23894947992825,5.32548164124726,4.086532161319009
1300,40,1.388134158137866,4.436219716677056,3.0480855585391904
1300,45,1.5173701262353316,3.5919027563787425,2.074532630143411
1300,50,1.6283981057322316,2.790334835626121,1.1619367298938892
1300,55,1.722827402806834,2.029427136025741,0.3065997332189069
1300,60,1.8021451359700318,1.307192721854905,0.4949524141151268
1300,65,1.8677248429306472,0.6217415711607138,1.2459832717699335
1300,70,1.920834507282697,0.028724150804659843,1.9495586580873567
1300,75,1.9626440430295182,0.6459145876313577,2.608558630660876
1300,80,1.9942322725165342,1.2314564685242988,3.225688741040833
1300,85,2.0165934310565086,1.7868971764950379,3.803490607551546
1300,90,2.0306432293883057,2.3137086181453617,4.344351847533667
1300,95,2.037224503103004,2.813290904719365,4.8505154078223685
1300,100,2.0371124762919455,3.286975853628403,5.3240883299203485
1300,105,2.0310196649111987,3.7360303192045485,5.767049984115747
1300,110,2.019600443708733,4.161659361011321,6.181259804720053
1300,115,2.003455299017577,4.565009257633927,6.568464556651504
1300,120,1.9831347882732142,4.947170373485227,6.93030516175844
1300,125,1.9591432257606962,5.309179885795795,7.268323111556491
1300,130,1.9319421128305279,5.652024378607131,7.5839664914376606
1300,135,1.901953329636695,5.976642310254188,7.878595639890882
1300,140,1.8695621043403796,6.283926360507355,8.153488464847735
1300,145,1.8351197746840193,6.574725663242893,8.409845437926913
1300,150,1.7989463558680037,6.8498479302246835,8.648794286092686
1300,155,1.7613329277521954,7.110061471307873,8.871394399060067
1300,160,1.7225438535527486,7.356097116115976,9.078640969668724
1300,165,1.682818841407635,7.588650041996583,9.271468883404218
1300,170,1.6423748594384293,7.808381512826612,9.45075637226504
1300,175,1.601407914238008,8.015920533014908,9.617328447252914
1300,180,1.5600947020608074,8.211865420838173,9.77196012289898
1300,185,1.5185941413814008,8.396785305044332,9.915379446425733
1300,190,1.4770487949156335,8.57122154846562,10.048270343381251
1300,195,1.4355861886638999,8.73568910220118,10.17127529086508
1300,200,1.3943200350361038,8.890677793755362,10.284997828791466
1400,10,0.42702929566483805,10.690952309280021,10.263923013615184
1400,15,0.7013195527014293,9.49100963211095,8.789690079409521
1400,20,0.9443789750109233,8.351286354456395,7.406907379445471
1400,25,1.1588123997456927,7.26884130308465,6.110028903338957
1400,30,1.3470320882840252,6.240876758058058,4.893844669774033
1400,35,1.5112710889092578,5.2647314564069045,3.753460367497646
1400,40,1.6535957072139145,4.337873937018233,2.684278229804318
1400,45,1.775917142321004,3.4578962100982213,1.6819790677772173
1400,50,1.880002343298437,2.6225077353787345,0.7425053920802976
1400,55,1.9674841366608102,1.8295296940101513,0.13795444265065904
1400,60,2.039870672591457,1.0768895398174327,0.962981132774024
1400,65,2.0985542344625325,0.3626158162945675,1.735938418167965
1400,70,2.144819453368911,0.3151667736227187,2.4599862269916297
1400,75,2.1798509667113275,0.958242057334191,3.1380930240455185
1400,80,2.2047405573532783,1.568306853629106,3.773047410982384
1400,85,2.220493807524837,2.1469752161719895,4.3674690236968265
1400,90,2.2280362994442053,2.695782470031126,4.923818769475331
1400,95,2.228219392565546,3.2161890513431337,5.44440844390868
1400,100,2.221825605430154,3.709584159714839,5.931409765144993
1400,105,2.2095736282896365,4.177289232495365,6.386862860785001
1400,110,2.192122990976328,4.620561249605866,6.812684240582194
1400,115,2.1700784089106806,5.04059587719078,7.210674286101461
1400,120,2.1439938286508156,5.438530457951334,7.582524286602149
1400,125,2.1143761929997256,5.815446855638704,7.929823048638429
1400,130,2.081688944384643,6.172374160819509,8.254063105204152
1400,135,2.0463552840050085,6.510291264679553,8.556646548684563
1400,140,2.0087612031056516,6.83012930730159,8.838890510407241
1400,145,1.9692583016646759,7.13277400653909,9.102032308203766
1400,150,1.9281664087868327,7.419067873309465,9.347234282096297
1400,155,1.8857760181585657,7.689812318846087,9.575588337004653
1400,160,1.8423505510462206,7.945769659178365,9.788120210224585
1400,165,1.7981284585004773,8.187665021852075,9.985793480352552
1400,170,1.7533251736640865,8.41618815965785,10.169513333321936
1400,175,1.7081349243636335,8.631995175902949,10.340130100266585
1400,180,1.6627324154954242,8.835710165540512,10.498442581035935
1400,185,1.617274390088582,9.027926776259939,10.645201166348519
1400,190,1.5719010773417057,9.209209693441897,10.781110770783602
1400,195,1.526737535380608,9.380096052691204,10.906833588071812
1400,200,1.4818948959714948,9.54109678347955,11.022991679451044
1500,10,0.7365843230076219,10.795230188278925,10.058645865271304
1500,15,1.0035800369431107,9.55014722738328,8.546567190440168
1500,20,1.2392279375367798,8.367585195030227,7.128357257493447
1500,25,1.4461672087834858,7.2444904213765815,5.798323212593095
1500,30,1.6268410484741285,6.177958177021194,4.551117128547066
1500,35,1.783510302340846,5.165225409065951,3.3817151067251054
1500,40,1.9182661863175854,4.203663831443241,2.2853976451256557
1500,45,2.033042156350831,3.290773352232251,1.2577311958814201
1500,50,2.129624981389505,2.4241758215288565,0.2945508401393515
1500,55,2.2096650716189465,1.6016090842356112,0.6080559873833352
1500,60,2.274686110664381,0.8209213229006418,1.4537647877637394
1500,65,2.3260940373616394,0.08006567645956753,2.246028360902072
1500,70,2.365185419762968,0.6229048785753755,2.988090298338343
1500,75,2.3931552613017453,1.2898423972788398,3.6829976585805846
1500,80,2.4111042764697763,1.9225085980038774,4.333612874473654
1500,85,2.420045670953809,2.5225792681831685,4.942624939136977
1500,90,2.42091145892379,3.091648455256636,5.512559914180426
1500,95,2.4145583480544532,3.6312324532051283,6.045790801259582
1500,100,2.4017732208851448,4.14277359465841,6.544546815543555
1500,105,2.3832782392718506,4.6276438580598755,7.010922097331726
1500,110,2.359735596952613,5.0871482989076355,7.446883895860248
1500,115,2.33175194362467,5.522528313651974,7.854280257276644
1500,120,2.2998825024129936,5.9349647444105385,8.23484724682353
1500,125,2.264634901187486,6.325580832264768,8.590215733452254
1500,130,2.22647273685522,6.695445026522245,8.921917763377465
1500,135,2.185818890507824,7.045573656969667,9.23139254747749
1500,140,2.143058610137927,7.3769334757984,9.519992085936327
1500,145,2.0985423765469218,7.690444075558858,9.78898645210578
1500,150,2.0525885670447206,7.986980189189717,10.039568756234438
1500,155,2.0054859305861017,8.267373877873355,10.272859808459458
1500,160,1.957495887093623,8.532416612188271,10.489912499281894
1500,165,1.9088546628799232,8.782861251762377,10.6917159146423
1500,170,1.8597752732990267,9.019423928377474,10.8791992016765
1500,175,1.810449363023412,9.242785837233502,11.053235200256914
1500,180,1.7610489136580798,9.453594940851795,11.214643854509875
1500,185,1.7117278277615753,9.652467589877869,11.364195417639444
1500,190,1.6626233977439973,9.839990064836725,11.50261346258072
1500,195,1.6138576675510483,10.01672004269574,11.630577710246788
1500,200,1.5655386945183396,10.183187991902406,11.748726686420746
1600,10,1.047620089366108,10.84907101153267,9.801450922166563
1600,15,1.3063830275582304,9.562296562534808,8.255913534976578
1600,20,1.5337794012057426,8.340173902069678,6.806394500863935
1600,25,1.7324747715863897,7.179545193475306,5.447070421888917
1600,30,1.9049358846271625,6.0774066214156015,4.172470736788439
1600,35,2.053444536496671,5.030900880142183,2.9774563436455126
1600,40,2.180110510362279,4.037310028107968,1.857199517745689
1600,45,2.2868836449163794,3.094048691065612,0.807165046149233
1600,50,2.375565091392848,2.1986575966546518,0.176907494738196
1600,55,2.447817812157743,1.3487974243107548,1.0990203878469884
1600,60,2.5051763705507795,0.542242955118441,1.9629334154323386
1600,65,2.549056058462856,0.2231224930210829,2.772178551483939
1600,70,2.5807614051455414,0.9493123588218688,3.5300737639674105
1600,75,2.601494107948658,1.6382418728814963,4.2397359808301545
1600,80,2.6123604230602964,2.291732847376213,4.904093270436509
1600,85,2.614378051867644,2.9115182321599207,5.5258962840275645
1600,90,2.6084825562578406,3.4992464486594708,6.107729004917312
1600,95,2.595533334024479,4.056485512403309,6.652018846427787
1600,100,2.576319183529216,4.58472695449197,7.161046138021186
1600,105,2.551563484880072,5.085389551816141,7.636953036696213
1600,110,2.5219290231203755,5.559822875349751,8.081751898470127
1600,115,2.4880224772674904,6.009310665390714,8.497333142658205
1600,120,2.4503985974914126,6.435074042189136,8.885472639680549
1600,125,2.409564091272914,6.838274559991307,9.247838651264221
1600,130,2.365981238023555,7.220017112136093,9.585998350159649
1600,135,2.320071250379278,7.5813526944680865,9.901423944847364
1600,140,2.272217399189982,7.923281033977407,10.195498433167389
1600,145,2.2227679181145987,8.246753089239137,10.469521007353736
1600,150,2.1720387026895223,8.552673428904859,10.72471213159438
1600,155,2.12031581776361,8.841902494193704,10.962218311957313
1600,160,2.067857826280968,9.115258751040333,11.1831165773213
1600,165,2.014897951539312,9.373520737281366,11.388418688820678
1600,170,1.961646084253426,9.617429009999274,11.5790750942527
1600,175,1.908290645006258,9.847687997893114,11.755978642899372
1600,180,1.8550003119714942,10.064967763308035,11.91996807527953
1600,185,1.8019256231379275,10.269905678329483,12.071831301467409
1600,190,1.7492004616545989,10.46310801913329,12.212308480787891
1600,195,1.6969434323440005,10.64515148257832,12.342094914922322
1600,200,1.645259136895931,10.816584628833924,12.461843765729856
1700,10,1.3573188163083727,10.857263756759924,9.499944940451552
1700,15,1.6071442901261057,9.531988636788016,7.92484434666191
1700,20,1.8256654619563273,8.273338139027755,6.447672677071428
1700,25,2.0155674931525565,7.078057973045815,5.062490479893259
1700,30,2.1793344023248924,5.9430525744338185,3.763718172108926
1700,35,2.3192631275347737,4.865377363617757,2.546114236082983
1700,40,2.4374766450317162,3.8422313822097904,1.4047547371780738
1700,45,2.5359362061544655,2.870950288489546,0.33501408233508057
1700,50,2.616452750067813,1.9489996944998866,0.6674530555679264
1700,55,2.6806975463053244,1.073968828096386,1.6067287182089385
1700,60,2.7302121176215084,0.24356450410244201,2.4866476135190663
1700,65,2.766417490409656,0.5443946105053776,3.3108121009150335
1700,70,2.7906228169006173,1.291983451721637,4.082606268622254
1700,75,2.804033410509178,2.001175747586717,4.805209158095895
1700,80,2.807758233027416,2.6738489541872745,5.48160718721469
1700,85,2.802816869866334,3.311788950925093,6.114605820791427
1700,90,2.790146027207997,3.9166945067947934,6.70684053400279
1700,95,2.770605582739917,4.490181528838598,7.260787111578515
1700,100,2.744984219592675,5.033787103401455,7.778771322994129
1700,105,2.714004671181598,5.5489733402916785,8.262978011473276
1700,110,2.678328602855483,6.037131029459666,8.715459632315149
1700,115,2.6385611545725633,6.499583119338165,9.138144273910727
1700,120,2.5952551672482933,6.937588025541808,9.5328431927901
1700,125,2.5489151139448203,7.352342778199433,9.901257892144253
1700,130,2.5000007556917585,7.744986015789075,10.244986771480834
1700,135,2.4489305404356627,8.116600832961874,10.565531373397535
1700,140,2.3960847624066557,8.468217489475844,10.8643022518825
1700,145,2.341808498058947,8.800815987013372,11.14262448507232
1700,150,2.286414333683083,9.115328520325697,11.40174285400878
1700,155,2.230184898796883,9.412641808833678,11.642826707630562
1700,160,2.1733752184949244,9.693599314514907,11.86697453300983
1700,165,2.1162148970690318,9.959003351623121,12.075218248692154
1700,170,2.0589101444006106,10.209617093515398,12.26852723791601
1700,175,2.001645655866715,10.44616648160501,12.447812137471725
1700,180,1.9445863557914236,10.66934204121365,12.613928397005076
1700,185,1.8878790138100845,10.879800608863274,12.767679622673358
1700,190,1.8316537428926585,11.078166975326976,12.909820718219637
1700,195,1.776025387191521,11.265035448547161,13.041060835738682
1700,200,1.7210948073357935,11.440971340329266,13.16206614766506
1800,10,1.663371928450541,10.824216790977479,9.160844862526938
1800,15,1.9037532908407873,9.46339300413171,7.559639713290922
1800,20,2.1129587917427415,8.171020353375779,6.058061561633038
1800,25,2.293687452601592,6.943755236470758,4.650067783869166
1800,30,2.448435256890219,5.778417133569255,3.329981876679036
1800,35,2.5795093786069394,4.671980653560895,2.0924712749539554
1800,40,2.6890414547287826,3.621567968322231,0.9325265135934485
1800,45,2.778999964127829,2.6244416159526356,0.15455834817519332
1800,50,2.851201771447348,1.6779976550006737,1.1732041164466744
1800,55,2.9073228906776882,0.77975915256287,2.127563738114818
1800,60,2.9489085196530236,0.0726300100283156,3.021538529681339
1800,65,2.977382393394484,0.8814110294162375,3.858793422810722
1800,70,2.994055501138318,1.6487157850651912,4.6427712862035095
1800,75,3.000134208997096,2.3765721707539016,5.376706379750997
1800,80,2.9967278274949383,3.066909166048984,6.063636993543922
1800,85,2.984855660682495,3.721561660439626,6.706417321122121
1800,90,2.9654535711639824,4.3422750421963165,7.307728613360299
1800,95,2.939380093145642,4.930709563428291,7.870089656573933
1800,100,2.9074221235342144,5.4884444922544935,8.395866615788707
1800,105,2.8703002191656335,6.0169820624706905,8.887282281636324
1800,110,2.828673526420131,6.517751230588976,9.346424757009107
1800,115,2.783144367772486,6.992111249644236,9.775255617416722
1800,120,2.734262508227865,7.4413550687039,10.175617576931765
1800,125,2.6825291230974977,7.866712566581612,10.54924168967911
1800,130,2.6284004871682414,8.269353627840697,10.89775411500894
1800,135,2.5722914040094707,8.650391068779157,11.222682472788629
1800,140,2.514578392934233,9.010883420712542,11.525461813646775
1800,145,2.455602649983927,9.351837577514504,11.80744022749843
1800,150,2.395672798231635,9.674211314035142,12.069884112266777
1800,155,2.3350674416944583,9.978915681694616,12.313983123389074
1800,160,2.274037536204901,10.266817287242143,12.540854823447045
1800,165,2.212808589711765,10.538740460378577,12.751549050090343
1800,170,2.1515827036580997,10.795469315662709,12.94705201932081
1800,175,2.0905404663141036,11.037749713857094,13.128290180171199
1800,180,2.029842708222749,11.26629112761788,13.296133835840628
1800,185,1.9696321292426786,11.481768416193788,13.451400545436467
1800,190,1.910034806043044,11.684823513571905,13.59485831961495
1800,195,1.8511615883160724,11.876067034291584,13.727228622607656
1800,200,1.793109391422525,12.056079800941783,13.849189192364308
1900,10,1.9639089914148977,10.753986693434936,8.790077702020039
1900,15,2.1945067842838117,9.360345175659715,7.165838391375903
1900,20,2.394110577608427,8.036845827666625,5.642735250058197
1900,25,2.5654284139402876,6.780062348577776,4.2146339346374875
1900,30,2.7109637739563763,5.586735553731195,2.875771779774819
1900,35,2.8330299449508156,4.453765224292966,1.6207352793421503
1900,40,2.9337634224758298,3.378202354368609,0.4444389318927794
1900,45,3.0151364084071846,2.35724177622727,0.6578946321799145
1900,50,3.0789684646472635,1.388215145198174,1.6907533194490898
1900,55,3.1269373778728347,0.46858426669773023,2.6583531111751046
1900,60,3.1605892871707537,0.40406525129854653,3.5646545384693002
1900,65,3.1813481230666185,1.2320300362113956,4.413378159278014
1900,70,3.1905244033247433,2.017494694338595,5.208019097663338
1900,75,3.1893234279706637,2.762537274222718,5.951860702193382
1900,80,3.1788529132450365,3.469134463567278,6.647987376812314
1900,85,3.160130101631062,4.139166532696181,7.299296634327243
1900,90,3.134088382693387,4.774422036917733,7.90851041961112
1900,95,3.1015834572157854,5.376602289551566,8.478185746767352
1900,100,3.0633990750176974,5.947325616803374,9.010724691821071
1900,105,3.0202523748568977,6.488131405126906,9.508383779983804
1900,110,2.972798852978664,7.000483951193681,9.973282804172346
1900,115,2.9216369851431723,7.485776124097371,10.407413109240544
1900,120,2.8673125253443774,7.945332848950332,10.812645374294709
1900,125,2.810322502919296,8.380414420582994,11.19073692350229
1900,130,2.751118938328756,8.792219655632199,11.543338593960954
1900,135,2.6901122965641373,9.181888890900225,11.872001187464363
1900,140,2.6276746958930666,9.550506835482118,12.178181531375184
1900,145,2.564142888495249,9.899105283792984,12.463248172288232
1900,150,2.4998210284525597,10.228665696279334,12.728486724731894
1900,155,2.434983241540474,10.540121654267553,12.975104895808025
1900,160,2.3698760103162955,10.834361195087947,13.204237205404242
1900,165,2.3047203871095037,11.11222903331332,13.416949420422824
1900,170,2.2397140466868066,11.374528673666443,13.61424272035325
1900,175,2.175033189585644,11.622024420879674,13.797057610465318
1900,180,2.1108343063812414,11.855443291532536,13.966277597913775
1900,185,2.0472558124711804,12.075476832647777,14.122732645118957
1900,190,1.9844195623241565,12.282782851593375,14.267202413917532
1900,195,1.9224322515438752,12.47798706161614,14.400419313160015
1900,200,1.8613867145419554,12.661684647121648,14.523071361663602
2000,10,2.257435613912101,10.650304928656368,8.392869314744267
2000,15,2.4780507967145424,9.226371977235754,6.74832118052121
2000,20,2.6678963233642854,7.874146786010649,5.206250462646364
2000,25,2.829685199990717,6.590126478983876,3.7604412789931594
2000,30,2.9659246651408373,5.370979031537057,2.40505436639622
2000,35,3.0789306754575723,4.213534937875354,1.1346042624177821
2000,40,3.1708414152546354,3.1147792848558176,0.05606213039881791
2000,45,3.243629893929084,2.0718442123797005,1.1717856815493837
2000,50,3.2991156910445185,1.0820017414959608,2.2171139495485574
2000,55,3.3389759050699186,0.14265695228232178,3.1963189527875966
2000,60,3.364755358155205,0.7486585055549139,4.113413863710119
2000,65,3.3778761059497007,1.5942925855891714,4.972168691538872
2000,70,3.3796462983083946,2.3964787165255323,5.776125014833927
2000,75,3.37126843377121,3.1573413876789913,6.5286098214502015
2000,80,3.3538470479286486,3.878901462045617,7.232748509974265
2000,85,3.328395873191675,4.563081230252106,7.891477103443781
2000,90,3.295844505053755,5.211709218021215,8.50755372307497
2000,95,3.2570446076577637,5.8265247591742755,9.08356936683204
2000,100,3.2127756893502513,6.40918234560561,9.621958034955862
2000,105,3.1637504769117837,6.961255765106146,10.12500624201793
2000,110,3.110619915284965,7.484242037382881,10.594861952667845
2000,115,3.053977817874878,7.979565158116385,11.033542975991264
2000,120,2.994365190860894,8.448579660418282,11.442944851279176
2000,125,2.9322742534281576,8.892574002594412,11.82484825602257
2000,130,2.868152174394523,9.312773790684684,12.180925965079206
2000,135,2.8024045443679935,9.710344843837772,12.512749388205766
2000,140,2.735398601315156,10.08639611018559,12.821794711500745
2000,145,2.6674662262472872,10.44198244050884,13.109448666756126
2000,150,2.5989067246323314,10.778107226629215,13.377013951261546
2000,155,2.529989408113435,11.095724911125583,13.625714319239018
2000,160,2.460955990153342,11.395743374649811,13.856699364803154
2000,165,2.3920228083245934,11.679026206811749,14.07104901513634
2000,170,2.323382885124377,11.946394866311723,14.269777751436099
2000,175,2.255207838405985,12.198630735722068,14.453838574128053
2000,180,2.1876496517830066,12.436477076055729,14.624126727838737
2000,185,2.120842314674261,12.660640886009277,14.78148320068354
2000,190,2.054903341013897,12.871794670529551,14.926698011543449
2000,195,1.9899351750494831,13.070578123126175,15.060513298175657
2000,200,1.9260264920882397,13.25759972613666,15.1836262182249
2100,10,2.5427792392822557,10.516602529156751,7.973823289874495
2100,15,2.7533299972111567,9.064715014260713,6.311385017049556
2100,20,2.9333685690519666,7.685984700329209,4.752616131277243
2100,25,3.085609543612622,6.376837806371829,3.2912282627592075
2100,30,3.2125608082529538,5.133874861390966,1.9213140531380124
2100,35,3.316538132011637,3.953862203146588,0.6373240711349509
2100,40,3.399678764732339,2.8337238915312755,0.5659548732010633
2100,45,3.463954116706078,1.7705340163346655,1.6934201003714122
2100,50,3.5111815791985745,0.7615093801627726,2.749672199035802
2100,55,3.543035542346709,0.19599746178442512,3.739033004131134
2100,60,3.5610576632699535,1.1045048224811393,4.665562485751093
2100,65,3.566666433834903,1.966408180945295,5.5330746147801975
2100,70,3.5611660943203005,2.783986172957162,6.345152267277462
2100,75,3.545754936241968,3.5594062896071197,7.105161225849088
2100,80,3.5215330347987948,4.294730297921887,7.816263332720681
2100,85,3.4895094487814666,4.991919397123593,8.481428845905059
2100,90,3.4506089233324917,5.6528391234150375,9.103448046747529
2100,95,3.4056781286497944,6.279264015555663,9.684942144205458
2100,100,3.3554914655762254,6.872882052894638,10.228373518470864
2100,105,3.3007564670047547,7.43529887695835,10.736055343963105
2100,110,3.242118822145221,7.968041807148662,11.210160629293883
2100,115,3.180167048935195,8.472563660593108,11.652730709528305
2100,120,3.1154368382270436,8.950246385698668,12.065683223925712
2100,125,3.0484150918385575,9.40240451849504,12.450819610333598
2100,130,2.9795436751090696,9.830288470409927,12.809832145518996
2100,135,2.9092229032501087,10.235087655697516,13.144310558947625
2100,140,2.837814779513902,10.617933466340427,13.455748245854329
2100,145,2.7656460020186375,10.979902101863892,13.745548103882532
2100,150,2.6930107549612323,11.322017261138154,14.015028016099384
2100,155,2.6201732989117743,11.645252702900049,14.265426001811823
2100,160,2.547370373913855,11.950534681396386,14.497905055310243
2100,165,2.474813428207977,12.2387442632395,14.713557691447477
2100,170,2.402690684546565,12.510719531268393,14.91341021581496
2100,175,2.3311690552757063,12.76725768092612,15.098426736201825
2100,180,2.260395916616308,13.009117014395638,15.269512931011947
2100,185,2.1905007518835937,13.237018837480397,15.427519589363989
2100,190,2.1215966727346767,13.451649263972866,15.573245936707544
2100,195,2.053781826927344,13.653660932022909,15.707442758950254
2100,200,1.9871407005057642,13.843674636797791,15.830815337303555
2200,10,2.819041877010897,10.356032935576884,7.536991058565986
2200,15,3.0195435664529033,8.878352384071725,5.858808817618821
2200,20,3.189815693580483,7.47517093005283,4.285355236472347
2200,25,3.332571633757045,6.142849137838057,2.810277504081013
2200,30,3.4503173584836566,4.877925084278667,1.4276077257950104
2200,35,3.5453660989255953,3.677105701332861,0.1317396024072659
2200,40,3.6198520187217835,2.537258540867465,1.0825934778543183
2200,45,3.6757429610901755,1.4554039410947488,2.2203390199954263
2200,50,3.714852331061119,0.4287075750569691,3.28614475600415
2200,55,3.7388501697524474,0.5455266374745388,4.284376807226986
2200,60,3.7492734739328846,1.4698632724091358,5.219136746342021
2200,65,3.747535810683705,2.3467418149156147,6.09427762559932
2200,70,3.734936273752412,3.178482760206755,6.913419033959167
2200,75,3.7126678251792664,3.9672934167850613,7.679961241964328
2200,80,3.6818250629569045,4.715273426660793,8.397098489617697
2200,85,3.6434114528423667,5.424420016345654,9.067831469188022
2200,90,3.5983460599680925,6.096632991752454,9.694979051720546
2200,95,3.547469813583701,6.733719489490467,10.281189303074168
2200,100,3.491551336093161,7.337398496437392,10.828949832530553
2200,105,3.4312923655235483,7.909305148889008,11.340597514412556
2200,110,3.3673327986627255,8.450994822036789,11.818327620699515
2200,115,3.300255380325931,8.963947019999233,12.264202400325164
2200,120,3.230590062548086,9.449569076134026,12.680159138682113
2200,125,3.1588180559416896,9.90919967288377,13.06801772882546
2200,130,3.0853755940035987,10.344112189956732,13.429487783960331
2200,135,3.010657429790621,10.755517889214758,13.76617531900538
2200,140,2.9350200831084394,11.144568944232356,14.079589027340793
2200,145,2.8587848551649335,11.512361322102251,14.371146177267185
2200,150,2.7822406265223787,11.859937524693613,14.642178151215992
2200,155,2.705646453138607,12.188289196217452,14.89393564935606
2200,160,2.629233974309991,12.498359603619384,15.127593577929376
2200,165,2.5532096454153246,12.79104599600222,15.344255641417547
2200,170,2.477756807504752,13.06720184897801,15.544958656482759
2200,175,2.403037604978575,13.327638999561664,15.730676604540239
2200,180,2.3291947618530484,13.573129676944523,15.90232443879757
2200,185,2.256353226411306,13.80440843422582,16.060761660637127
2200,190,2.184621693383865,14.02217398593241,16.206795679316272
2200,195,2.11409401219206,14.227090955921497,16.34118496811356
2200,200,2.0448504892164254,14.419791540037101,16.464642029253525
2300,10,3.0855589355851865,10.171493131032422,7.085934195447235
2300,15,3.276106776937887,8.6700187660886,5.393911989150713
2300,20,3.436726063503953,7.244285819024834,3.8075597555208813
2300,25,3.57012666543782,5.890594061028104,2.320467395590284
2300,30,3.6788105429173905,4.6054237412451595,0.9266131983277692
2300,35,3.7650864753755173,3.385426784729409,0.3796596906461086
2300,40,3.8310837943243055,2.2274184196691555,1.60366537465515
2300,45,3.8787651852138088,1.1283692129608085,2.750395972253
2300,50,3.909938619554823,0.08539749421180853,3.8245411253430146
2300,55,3.9262684745901386,0.9042378507705368,4.830506325360676
2300,60,3.9292858941042037,1.843144235024438,5.772430129128642
2300,65,3.920398440501316,2.7338018911544553,6.654200331655771
2300,70,3.900899085042786,3.578570074032869,7.479469159075655
2300,75,3.8719745800997294,4.379692960991669,8.251667541091399
2300,80,3.8347132544379323,5.139305264258661,8.974018518696594
2300,85,3.7901122698916336,5.859437569671782,9.649549839563416
2300,90,3.739084375293479,6.542021415021115,10.281105790314594
2300,95,3.6824641911970226,7.188894120717151,10.871358311914173
2300,100,3.6210140567461497,7.801803384864509,11.422817441610658
2300,105,3.555429468003551,8.382411654231117,11.93784112223467
2300,110,3.4863441351385305,8.932300282042716,12.418644417181246
2300,115,3.414334684085267,9.45297348299911,12.867308167084376
2300,120,3.339925026608087,9.945862095402004,13.28578712201009
2300,125,3.263590421143174,10.412327159801574,13.675917580944748
2300,130,3.1857612453196986,10.85366332311029,14.03942456842999
2300,135,3.106826499691214,11.27110207669604,14.377928576387255
2300,140,3.0271370609241655,11.665814836551535,14.6929518974757
2300,145,2.947008701489255,12.038915873241972,14.985924574731227
2300,150,2.8667248917776376,12.391465098957305,15.258189990734943
2300,155,2.786539399512596,12.724470718638415,15.511010118151011
2300,160,2.7066787003441712,13.03889175180612,15.745570452150293
2300,165,2.6273442125943647,13.335640431399092,15.962984643993458
2300,170,2.5487143682604065,13.61558448561897,16.164298853879373
2300,175,2.4709465315791634,13.879549308488464,16.35049584006763
2300,180,2.3941787757034776,14.128320024550058,16.522498800253537
2300,185,2.3185315273378673,14.362643452868012,16.68117498020588
2300,190,2.2441090885234245,14.583229975244762,16.827339063768186
2300,195,2.1710010441468657,14.790755313323334,16.961756357470197
2300,200,2.099283563174024,14.985862219019227,17.08514578219325
2400,10,3.3418634161980654,9.965643196335112,6.6237797801370455
2400,15,3.5226175905067936,8.442224010179741,4.919606419672948
2400,20,3.6737568772920226,6.995696364199125,3.321939486907102
2400,25,3.7979857837494855,5.622303738051562,1.8243179543020764
2400,30,3.897800566735363,4.3184728352232,0.42067226848783723
2400,35,3.975504015065945,3.080804647056251,0.8946993680096937
2400,40,4.0332192306121675,1.9060659525896,2.127153278022567
2400,45,4.072902473998977,0.7911812329572832,3.2817212410416934
2400,50,4.096355136480573,0.26677501987354135,4.3631301563541145
2400,55,4.10523489559384,1.2705856192571807,5.3758205148510205
2400,60,4.101066108474286,2.222897643210911,6.323963751685197
2400,65,4.085249493238924,3.126229054345242,7.211478547584166
2400,70,4.059071145580143,3.982974996936278,8.042046142516421
2400,75,4.023710934663319,4.795413786886132,8.819124721549452
2400,80,3.9802503195631513,5.5657126095494585,9.54596292911261
2400,85,3.929679624798442,6.295932939673556,10.225612564471998
2400,90,3.8729048110204958,6.988035697004835,10.860940508025331
2400,95,3.8107537745657436,7.643886150453211,11.454639925018954
2400,100,3.7439822073883255,8.265258583077564,12.00924079046589
2400,105,3.673279046834149,8.85384072955705,12.5271197763912
2400,110,3.5992715427950572,9.411237997244227,13.010509540039283
2400,115,3.5225299679820643,9.938977481354996,13.461507449337063
2400,120,3.4435719953726807,10.438511784335217,13.882083779707898
2400,125,3.362866765311005,10.911222648954618,14.274089414265623
2400,130,3.2808386632647513,11.358424414212424,14.639263077477176
2400,135,3.197870827863257,11.781367302696498,14.979238130559757
2400,140,3.114308407549575,12.181240547615884,15.295548955165462
2400,145,3.030461582971833,12.559175367326139,15.589636950297972
2400,150,2.946608371109051,12.91624779478524,15.862856165894293
2400,155,2.862997226069659,13.253481369015212,16.11647859508487
2400,160,2.779849450512304,13.571849695299507,16.35169914581181
2400,165,2.697361430713817,13.872278880518007,16.569640311231822
2400,170,2.6157067074444,14.15564984970924,16.771356557153638
2400,175,2.5350378940015275,14.422800549652429,16.957838443653955
2400,180,2.455488451997638,14.674528044979477,17.130016496977113
2400,185,2.377174334789894,14.911590512058279,17.288764846848174
2400,190,2.300195507779066,15.134709135633095,17.43490464341216
2400,195,2.224637354186773,15.34456991296459,17.569207267151363
2400,200,2.150571974342571,15.541825369980833,17.692397344323403
2500,10,3.587654813681973,9.740924403357761,6.153269589675789
2500,15,3.7588276605431736,8.197270334792018,4.438442674248844
2500,20,3.900707130900538,6.731572562227744,2.830865431327206
2500,25,4.015990883783643,5.340022442089576,1.3240315583059326
2500,30,4.107168126760957,4.0189970971957285,0.08817102956522882
2500,35,4.176534440468988,2.7650503567825195,1.4114840836864677
2500,40,4.226205597912553,1.5749041383891882,2.651301459523364
2500,45,4.258130444661232,0.4454402500532223,3.812690194608009
2500,50,4.274102901805915,0.6263074076824943,4.900410309488409
2500,55,4.275773149548978,1.6431602594499133,5.918933408998892
2500,60,4.2646580455650565,2.6078021109713356,6.872460156536392
2500,65,4.242150828769941,3.522785860853808,7.76493668962375
2500,70,4.209530155858765,4.390539885045364,8.600070040904129
2500,75,4.167968514907025,5.213374109917476,9.381342624824502
2500,80,4.118540057455486,5.993485789159786,10.112025846615271
2500,85,4.062227887811168,6.73296499893215,10.795192886743319
2500,90,3.999930845779129,7.433799865014942,11.433730710794071
2500,95,3.932469816683441,8.09788153502807,12.030351351711511
2500,100,3.860593600329748,8.727008908151909,12.587602508481657
2500,105,3.7849843684971725,9.322893134176985,13.107877502674159
2500,110,3.7062627386151776,9.887161893132243,13.59342463174742
2500,115,3.6249924894721564,10.421363466193306,14.046355955665462
2500,120,3.5416849431103654,10.92697060805011,14.468655551160476
2500,125,3.4568030354779133,11.405384230416832,14.862187265894743
2500,130,3.3707650969267378,11.857936905894814,15.228702002821553
2500,135,3.283948362258836,12.285896200949974,15.569844563208813
2500,140,3.1966922287258224,12.690467846338926,15.887160075064749
2500,145,3.109301279173409,13.07279875291144,16.182100032084847
2500,150,3.022048086386937,13.433979880330421,16.456027966717357
2500,155,2.935175813632345,13.775048965882641,16.710224779514988
2500,160,2.8489006253937057,14.09699312020376,16.945893745597466
2500,165,2.7634139213795006,14.400751296408147,17.164165217787648
2500,170,2.6788844060011208,14.687216638797832,17.366101044798953
2500,175,2.595460004714826,14.95723871702336,17.552698721738185
2500,180,2.5132696378586954,15.211625651283358,17.724895289142054
2500,185,2.4324248619061066,15.451146133876703,17.88357099578281
2500,190,2.3530213873932566,15.676531352162371,18.029552739555626
2500,195,2.2751404821577115,15.888476817735345,18.163617299893055
2500,200,2.198850267944779,16.08764410639241,18.28649437433719
2600,10,3.8227721479395402,9.499575955123266,5.676803807183725
2600,15,3.9846171983446865,7.937268238120715,3.952651039776028
2600,20,4.117494198107341,6.453902532170025,2.336408334062684
2600,25,4.224092791760772,5.045621930128033,0.8215291383672607
2600,30,4.306894087530222,3.708757645560748,0.598136441969474
2600,35,4.36818551482242,2.439819837945334,1.9283656768770863
2600,40,4.410074673132455,1.235488885332428,3.174585787800027
2600,45,4.434502238762425,0.09260708264571538,4.34189515611671
2600,50,4.443253991465651,0.9918292551395175,5.435083246605168
2600,55,4.43797201912158,2.020677304685356,6.458649323806936
2600,60,4.420165154792902,2.9966548796305643,7.416820034423465
2600,65,4.391218697001428,3.9223472274476534,8.313565924449081
2600,70,4.352403460768045,4.800213494813082,9.152616955581127
2600,75,4.304884203880732,5.632592877657558,9.93747708153829
2600,80,4.249727469969515,6.4217104712748,10.671437941244314
2600,85,4.187908887266564,7.169682835116939,11.357591722383503
2600,90,4.120319959401045,7.87852328619161,11.998843245592655
2600,95,4.047774382211845,8.550146934296865,12.597921316508709
2600,100,3.971013918345756,9.186375471684713,13.157389390030469
2600,105,3.8907138593352983,9.78894172912991,13.67965558846521
2600,110,3.8074881029098573,10.359494009796505,14.16698211270636
2600,115,3.7218938714774508,10.899600211739198,14.621494083216648
2600,120,3.634436096015216,11.410751749347728,15.045187845362944
2600,125,3.5455714880161207,11.894367283540165,15.439938771556285
2600,130,3.455712320651577,12.351796270032331,15.807508590683907
2600,135,3.3652299389173246,12.784322334556066,16.14955227347339
2600,140,3.2744580172274995,13.193166483465978,16.46762450069348
2600,145,3.183695581703347,13.57949015776301,16.76318573946636
2600,150,3.0932098132632424,13.94439813817136,17.0376079514346
2600,155,3.003238646554597,14.28894130853311,17.292179955087704
2600,160,2.9139931787711544,14.614119284430318,17.528112463201474
2600,165,2.825659901466655,14.920882913607668,17.746542815074324
2600,170,2.7384027676038016,15.210136654447936,17.94853942205174
2600,175,2.6523651052621338,15.482740838447716,18.135105943709853
2600,180,2.5676713886659193,15.739513822350867,18.307185211016787
2600,185,2.484428876480505,15.981234035321027,18.46566291180153
2600,190,2.4027291266591297,16.20864192627222,18.61137105293135
2600,195,2.322649396499431,16.422441816227025,18.745091212726454
2600,200,2.2442539359866567,16.623303660333974,18.86755759632063
2700,10,4.047170617167889,9.243650473149877,5.196479855981989
2700,15,4.1999732269732135,7.66415121794147,3.464177990968256
2700,20,4.32413357893402,6.164506505273643,1.840372926339623
2700,25,4.422332408837709,4.740814738322988,0.31848232948527844
2700,30,4.497041927729916,3.3893646209786326,1.107677306751284
2700,35,4.5505407044632324,2.106625876723028,2.443914827740204
2700,40,4.584927536888742,0.8892404201584103,3.695687116730331
2700,45,4.602134378314138,0.26598604089694555,4.868120419211083
2700,50,4.603938381554534,1.362091993741682,5.966030375296216
2700,55,4.591973118878262,2.4019677195286886,6.99394083840695
2700,60,4.5677390323808185,3.388362521407456,7.956101553788275
2700,65,4.532613165792487,4.323891600145757,8.856504765938244
2700,70,4.487858225420557,5.211042594423107,9.698900819843665
2700,75,4.4346310148344115,6.052181802150247,10.486812816984658
2700,80,4.373990285005373,6.849560098371265,11.223550383376638
2700,85,4.306904038902617,7.605318564546026,11.912222603448644
2700,90,4.234256327008286,8.321493843289208,12.555750170297491
2700,95,4.156853567839591,9.000023231955476,13.156876799795066
2700,100,4.075430425342194,9.64274952780755,13.718179953149745
2700,105,3.9906552729379885,10.251425636882463,14.242080909820453
2700,110,3.9031352720629906,10.827718958080638,14.730854230143631
2700,115,3.813421091208051,11.373215553440419,15.186636644648472
2700,120,3.7220112897699553,11.889424115025667,15.611435404795623
2700,125,3.6293563894241183,12.377779738345994,16.007136127770114
2700,130,3.5358626542372193,12.839647511744872,16.375510165982092
2700,135,3.4418955993408065,13.276325930731284,16.718221530072093
2700,140,3.347783246680146,13.689050145792189,17.03683339247233
2700,145,3.253819145129838,14.078995051807302,17.33281419693714
2700,150,3.16026517112423,14.447278226791198,17.607543397915432
2700,155,3.0673541248809255,14.794962727311178,17.862316852192105
2700,160,2.9752921362953955,15.123059747570883,18.09835188386628
2700,165,2.884260893649051,15.432531148808758,18.31679204245781
2700,170,2.79441970739843,15.724291865336237,18.518711572734667
2700,175,2.7059074204950595,15.999212193231921,18.705119613726982
2700,180,2.6188441759208416,16.258119967414725,18.876964143335563
2700,185,2.533333051408763,16.501802632539807,19.03513568394857
2700,190,2.449461570650391,16.731009212895664,19.180470783546056
2700,195,2.367303099666918,16.94645218622802,19.31375528589494
2700,200,2.2869181364365354,17.14880926617622,19.435727402612756
2800,10,4.260901424356544,8.9750283251336,4.714126900777055
2800,15,4.40497080233958,7.379689388637672,2.9747185862980916
2800,20,4.5207214224189,5.865049766035654,1.3443283436167546
2800,25,4.6108244487086365,4.427166480092285,0.18365796861635197
2800,30,4.6777426114185365,3.0622888728817714,1.615453738536765
2800,35,4.723745107751931,1.766849226219444,2.956895881532487
2800,40,4.750921489171408,0.5374538395402806,4.213467649631128
2800,45,4.761194601850649,0.6291254570853111,5.39032005893596
2800,50,4.756332642818528,1.7359593760205931,6.492292018839121
2800,55,4.737960390264104,2.785968851403206,7.52392924166731
2800,60,4.707569662689886,3.7819323439599093,8.489502006649795
2800,65,4.666529058060734,4.726492789561207,9.39302184762194
2800,70,4.616093020780812,5.622164208890842,10.238257229671655
2800,75,4.5574102812279635,6.471337994757803,11.028748275985766
2800,80,4.491531709669363,7.276288892772378,11.767820602441741
2800,85,4.41941762366259,8.03918069034112,12.458598314003709
2800,90,4.341944585500417,8.762071628206098,13.104016213706515
2800,95,4.2599117238745166,9.446919548060203,13.706831271934721
2800,100,4.174046611702761,10.095586789110142,14.269633400812904
2800,105,4.08501072997748,10.70984484583116,14.79485557580864
2800,110,3.9934045455380316,11.291378798560238,15.28478334409827
2800,115,3.8997722288432497,11.84179152800668,15.74156375684993
2800,120,3.804606036108264,12.36260772421837,16.167213760326632
2800,125,3.7083503785696497,12.855277700028413,16.563628078598065
2800,130,3.611405600145183,13.321181018517674,16.932586618662857
2800,135,3.514131483353316,13.761629943563753,17.275761426917068
2800,140,3.4168505020467768,14.177872722104578,17.594723224151355
2800,145,3.3198508382885517,14.571096706324068,17.89094754461262
2800,150,3.2233891795516985,14.94243132356683,18.165820503118525
2800,155,3.12769331135177,15.292950901408325,18.420644212760095
2800,160,3.032964519417504,15.62367735494466,18.656641874362165
2800,165,2.939379814567341,15.93558274302157,18.87496255758891
2800,170,2.847093992582112,16.22959169979453,19.07668569237664
2800,175,2.756241540544171,16.50658374770022,19.26282528824439
2800,180,2.6669384003462873,16.76739549762288,19.434333897969168
2800,185,2.5792835993570047,17.012822741757233,19.59210634111424
2800,190,2.493360757558887,17.24362244440112,19.736983201960005
2800,195,2.4092394798499344,17.460514635655986,19.869754115505923
2800,200,2.3269766416130566,17.664184212770373,19.991160854383427
2900,10,4.464094381764927,8.69543087914893,4.231336497384003
2900,15,4.599756831199064,7.085502077393785,2.4857452461947203
2900,20,4.707419476824576,5.557054622508933,0.8496351456843576
2900,25,4.789743444024289,4.106107221088745,0.6836362229355436
2900,30,4.84918157962263,2.728872768178092,2.120308811444538
2900,35,4.887993365458512,1.4217488765438602,3.466244488914652
2900,40,4.908258816480596,0.1813088678392083,4.726949948641387
2900,45,4.911891430348067,0.9957067968657723,5.907598227213839
2900,50,4.900650251194604,2.112398668615467,7.013048919810072
2900,55,4.876151106164531,3.171716064545041,8.047867170709571
2900,60,4.839877069537696,4.176464443690827,9.016341513228523
2900,65,4.793188205709914,5.129312423078069,9.922500628787983
2900,70,4.737330638971341,6.032798451629842,10.770129090601182
2900,75,4.67344499491342,6.889337158585593,11.562782153499013
2900,80,4.602574255381614,7.7012253923034315,12.303799647685045
2900,85,4.5256710661638815,8.470647964546554,12.996319030710435
2900,90,4.443604534052111,9.199683114617308,13.643287648669416
2900,95,4.357166547524213,9.890307707002213,14.247474254526427
2900,100,4.267077653058158,10.54440217552477,14.811479828582929
2900,105,4.173992516996192,11.163755226368924,15.337747743365115
2900,110,4.078505000918832,11.750068311733273,15.828573312652106
2900,115,3.9811528766550763,12.304959885302505,16.286112761957583
2900,120,3.8824222053404465,12.829969450176886,16.712391655517333
2900,125,3.7827514033294234,13.326561409381826,17.109312812711252
2900,130,3.6825350162677,13.796128728585735,17.478663744853435
2900,135,3.5821272212249133,14.23999642018494,17.822123641409853
2900,140,3.4818450754746344,14.659424857467663,18.141269932942297
2900,145,3.381971529279377,15.055612927144168,18.437584456423547
2900,150,3.2827582188886852,15.429701028126152,18.712459247014838
2900,155,3.184428054883355,15.782773924053748,18.967201978937105
2900,160,3.0871776199932817,16.11586345670315,19.20304107669643
2900,165,2.991179389576235,16.429951127059546,19.42113051663578
2900,170,2.8965837870657047,16.725970550509643,19.622554337575348
2900,175,2.803521085874001,17.004809792292864,19.808330878166863
2900,180,2.712103168468277,17.267313589051152,19.97941675751943
2900,185,2.6224251526189035,17.514285462032454,20.13671061465136
2900,190,2.534566894147975,17.746489727231857,20.281056621379832
2900,195,2.4485943748783656,17.964653407496954,20.41324778237532
2900,200,2.364560983896996,18.169468051378594,20.53402903527559
3000,10,4.656942945149867,8.40643276416016,3.749489819010293
3000,15,4.784536159871067,6.783069475448467,1.9985333155773999
3000,20,4.8844421617548095,5.241911478039074,0.3574693162842646
3000,25,4.959311735469998,3.7789419997124485,1.1803697357575498
3000,30,5.011587594299486,2.390340187450307,2.6212474068491782
3000,35,5.043519301612342,1.0724715522962558,3.9710477493160865
3000,40,5.057177175382638,0.17812111977386635,5.235298295156504
3000,45,5.054465242875739,1.3647264136994324,6.419191656575171
3000,50,5.037133308287162,2.4904725095194147,7.527605817806577
3000,55,5.006788192060382,3.558335005458385,8.565123197518767
3000,60,4.964904196808129,4.571144359476106,9.536048556284236
3000,65,4.912832851203719,5.531592967888216,10.444425819091935
3000,70,4.851811979876114,6.442241898758505,11.29405387863462
3000,75,4.782974144223681,7.305527296899608,12.08850144112329
3000,80,4.707354496141047,8.123766476497995,12.831120972639043
3000,85,4.625898083919965,8.899163716598077,13.52506180051804
3000,90,4.539466647026543,9.633815773937037,14.173282420963579
3000,95,4.448844934061953,10.329717126915474,14.778562060977428
3000,100,4.3547465759726425,10.988764963816408,15.34351153978905
3000,105,4.257819544478085,11.612763927745942,15.870583472224025
3000,110,4.158651223721105,12.203430630160227,16.36208185388133
3000,115,4.057773121308991,12.762397944265091,16.82017106557408
3000,120,3.9556652431946713,13.291219089023908,17.24688433221858
3000,125,3.8527601552390323,13.791371513986016,17.64413166922505
3000,130,3.7494467527911453,14.264260594649642,18.01370734744079
3000,135,3.646073758215304,14.711223147599766,18.35729690581507
3000,140,3.5429529649775033,15.133530774210602,18.676483739188104
3000,145,3.440362245672212,15.53239304127358,18.97275528694579
3000,150,3.338548340218528,15.908960506504302,19.24750884672283
3000,155,3.2377294393775644,16.26432759649353,19.502057035871093
3000,160,3.1380975777354934,16.59953534429883,19.737632922034322
3000,165,3.0398208493546677,16.91557399352215,19.955394842876817
3000,170,2.9430454584144794,17.213385475384925,20.156430933799406
3000,175,2.8478976163401275,17.493865764994702,20.34176338133483
3000,180,2.7544852961476343,17.757867122695185,20.51235241884282
3000,185,2.66289985401386,18.006200226104195,20.669100080118053
3000,190,2.573217527407548,18.239636198170857,20.812853725578403
3000,195,2.4855008184889695,18.458908536323147,20.94440935481212
3000,200,2.3997997708980527,18.66471494752966,21.064514718427713
3100,10,4.839691371118232,8.109473210720141,3.2697818396019094
3100,15,4.959559646509942,6.473743414673999,1.5141837681640569
3100,20,5.052045493238555,4.920889071264433,0.13115642197412125
3100,25,5.119789191646376,3.4468605567281374,1.6729286349182386
3100,30,5.165223198822244,2.047805769109734,3.11741742971251
3100,35,5.1905870739773095,0.7200604949612333,4.470526579016076
3100,40,5.1979413857075665,0.5398607541366063,5.737802139844172
3100,45,5.1891806683787705,1.735273458144998,6.924454126523768
3100,50,5.166045490525642,2.869331380025153,8.035376870550795
3100,55,5.1301336940887206,3.9450344528173917,9.075168146906112
3100,60,5.082910859503737,4.965236282062432,10.048147141566169
3100,65,5.025720048091895,5.932651282325396,10.958371330417291
3100,70,4.959790869860783,6.849861465667114,11.809652335527899
3100,75,4.886247921699926,7.7193228990378895,12.605570820737816
3100,80,4.806118638029036,8.543371846740078,13.349490484769113
3100,85,4.720340593217889,9.324230613319276,14.044571206537166
3100,90,4.629768292533202,10.064013101494218,14.693781394027422
3100,95,4.5351794859683325,10.76473009902307,15.299909584991402
3100,100,4.4372810370657945,11.428294307726125,15.865575344791921
3100,105,4.336714376741031,12.05652512723997,16.393239503981
3100,110,4.234060570149084,12.65115320546526,16.885213775614343
3100,115,4.129845022795586,13.213824767086262,17.343669789881847
3100,120,4.024541850371517,13.746105730985953,17.77064758135747
3100,125,3.918577935180144,14.249485626852309,18.16806356203245
3100,130,3.8123366905174425,14.725381320769316,18.537718011286756
3100,135,3.706161552957231,15.175140559108677,18.881302112065907
3100,140,3.6003592211735684,15.600045339583707,19.200404560757278
3100,145,3.4952026586991485,16.001315117894976,19.496517776594125
3100,150,3.3909338768648767,16.38010985798575,19.771043734850625
3100,155,3.2877665130866998,16.73753293353472,20.025299446621418
3100,160,3.185888218656825,17.07463388794111,20.26052210659794
3100,165,3.0854628692529564,17.392411059703583,20.477873928956537
3100,170,2.986632610497105,17.691814079757822,20.67844669025493
3100,175,2.8895197500707797,17.973746247017424,20.863265997088202
3100,180,2.794228507122432,18.239066788058118,21.033295295180547
3100,185,2.700846628982393,18.48859300659585,21.189439635578243
3100,190,2.6094468845269563,18.723102328133432,21.33254921266039
3100,195,2.5200884429037957,18.943334244888486,21.463422687792285
3100,200,2.432818145742639,19.149992165866035,21.582810311608675
3200,10,5.012623727746929,7.805866540256356,2.7932428125094275
3200,15,5.125113964229399,6.158757334539144,1.0336433703097447
3200,20,5.210517625164646,4.595143946256713,0.6153736789079323
3200,25,5.271464438204637,3.1109463328405527,2.1605181053640843
3200,30,5.310376587559346,1.7022834574803802,3.608093130078965
3200,35,5.329483639954832,0.3654635834494824,4.96402005650535
3200,40,5.330836451587431,0.9030249582184402,6.233861409805871
3200,45,5.316320123405652,2.1065225507866576,7.422842674192309
3200,50,5.287666067699378,3.2482066455665426,8.53587271326592
3200,55,5.246463244900218,4.331099708251504,9.577562953151721
3200,60,5.194168625681869,5.358076777703327,10.552245403385196
3200,65,5.132116929876468,6.331872656092238,11.463989585968706
3200,70,5.061529690378433,7.255088748369415,12.316618438747847
3200,75,4.983523687076522,8.130199568174461,13.113723255250983
3200,80,4.899118792923518,8.959558926445837,13.858677719369355
3200,85,4.809245271509713,9.745405818209154,14.554651089718867
3200,90,4.714750562938335,10.489870022263222,15.204620585201555
3200,95,4.616405592397589,11.194977427766153,15.811383020163744
3200,100,4.514910633574767,11.86265510104057,16.377565734615338
3200,105,4.410900756952812,12.494736105267753,16.905636862220565
3200,110,4.304950891060007,13.092964085122443,17.39791497618245
3200,115,4.197580522900276,13.65899762781218,17.85657815071246
3200,120,4.08925806206725,14.19441441142614,18.28367247349339
3200,125,3.980404891431498,14.700715150966492,18.68112004239799
3200,130,3.871399125781341,15.179327351929517,19.050726477710857
3200,135,3.7625790983854044,15.631608880822123,19.394187979207526
3200,140,3.6542465941244604,16.0588513615422,19.71309795566666
3200,145,3.5466698466048605,16.462283406115457,20.008953252720318
3200,150,3.440086315510434,16.84307368786722,20.283160003377656
3200,155,3.334705259369418,17.202333864713665,20.537039124083083
3200,160,3.2307101179026034,17.54112135988252,20.771831477785128
3200,165,3.1282607171743093,17.860442007016157,20.988702724190468
3200,170,3.0274953098844293,18.161252566271422,21.18874787615585
3200,175,2.92853246231433,18.444463117707713,21.372995580022042
3200,180,2.8314727986672463,18.71093933794802,21.542412136615262
3200,185,2.7364006128225893,18.96150466580579,21.69790527862838
3200,190,2.643385356849131,19.19694236229281,21.84032771914194
3200,195,2.552483014991898,19.417997470159182,21.970480485151082
3200,200,2.4637373712587576,19.625378677865353,22.089116049124108
3300,10,5.176054521097845,7.496811866272068,2.3207573451742234
3300,15,5.281512912839559,5.839235499688034,0.5577225868484748
3300,20,5.3601707990040435,4.265729210090191,1.0944415889138526
3300,25,5.4146474014582555,2.772184788715154,2.6424626127431017
3300,30,5.447354702216919,1.3546944066367916,4.092660295580128
3300,35,5.4605123672440605,0.009540842076055656,5.450971525168005
3300,40,5.456161650589208,1.2668118156694386,6.722973466258647
3300,45,5.436178346268869,2.477727008921027,7.913905355189896
3300,50,5.4022848509447075,3.6264041230509942,9.028688973995703
3300,55,5.356061396368383,4.715886487684267,10.071947884052651
3300,60,5.298956506741853,5.749068987676559,11.048025494418411
3300,65,5.23229673256414,6.7287053029007975,11.961002035464938
3300,70,5.157295709186182,7.6574147949447475,12.81471050413093
3300,75,5.075062585159815,8.53768905794037,13.612751643100184
3300,80,4.9866098625319655,9.371898149905288,14.358508012437253
3300,85,4.892860688487549,10.16229652017809,15.055157208665639
3300,90,4.794655635173317,10.911028647769042,15.705684282942359
3300,95,4.6927590021282,11.620134404725016,16.312893406853217
3300,100,4.587864673493073,12.291554157920029,16.8794188314131
3300,105,4.480601560065613,12.927133622028244,17.40773518209386
3300,110,4.371538654293132,13.528628475814742,17.900167130107874
3300,115,4.261189724451123,14.097708753286808,18.35889847773793
3300,120,4.1500176725283975,14.635963020686365,18.78598069321476
3300,125,4.038438578724471,15.14490234976767,19.183340928492136
3300,130,3.926825453953517,15.625964097296151,19.55278955124967
3300,135,3.8155117203356124,16.080515500218574,19.89602722055419
3300,140,3.7047944383338414,16.509857095494667,20.21465153382851
3300,145,3.5949372979590506,16.91522597314147,20.51016327110052
3300,150,3.4861733903074787,17.297798870624657,20.78397226093214
3300,155,3.378707774614947,17.65869511633457,21.03740289094952
3300,160,3.2727198549998593,17.998979429507088,21.271699284506948
3300,165,3.168365580121772,18.319664583590583,21.488030163712356
3300,170,3.0657794780979803,18.621713939718926,21.687493417816906
3300,175,2.965076538194351,18.906043856625256,21.87112039481961
3300,180,2.8663539500337607,19.173525983022994,22.039879933056756
3300,185,2.76969271034364,19.42498943818579,22.19468214852943
3300,190,2.6751591065890317,19.661222886179313,22.336381992768345
3300,195,2.582806086206952,19.882976508931424,22.46578259513838
3300,200,2.4926745195685265,20.09096388307448,22.583638402643004
3400,10,5.330320728946108,7.183402066094907,1.8530813371487986
3400,15,5.429090043853013,5.516201523901165,0.08711148004815206
3400,20,5.5013345189723335,3.9336026308797565,1.5677318880925772
3400,25,5.549662995330085,2.431471097890997,3.1181918974390874
3400,30,5.576477394769344,1.0058742879752836,4.570603106794061
3400,35,5.5839876393579235,0.34692861839114575,5.930916257749069
3400,40,5.574225550664016,1.630495978393931,7.204721529057947
3400,45,5.549057796373854,2.848212585724924,8.397270382098778
3400,50,5.510197947361736,4.0032981354243935,9.51349608278613
3400,55,5.459217704235167,5.0988152758881276,10.558032980123293
3400,60,5.397557348552731,6.137677268173136,11.535234616725868
3400,65,5.326535470329463,7.1226552717547245,12.449190742084188
3400,70,5.247358020091289,8.056385274952676,13.303743295043965
3400,75,5.161126730600765,8.941374687356562,14.102501417957328
3400,80,5.0688469504377585,9.78000861073445,14.848855561172208
3400,85,4.971434928868022,10.574555804105831,15.545990732973852
3400,90,4.869724588858546,11.327174357894132,16.196898946752675
3400,95,4.764473822688653,12.039917091347615,16.80439091403627
3400,100,4.656370342351441,12.71473668672482,17.37110702907626
3400,105,4.546037114829937,13.353490573082563,17.8995276879125
3400,110,4.4340374103578135,13.957945571878795,18.39198298223661
3400,115,4.320879489927315,14.529782316006601,18.850661805933914
3400,120,4.2070209565785195,15.070599453309136,19.277620409887657
3400,125,4.092872793387027,15.58191764508674,19.674790438473767
3400,130,3.9788031095544603,16.065183369594347,20.043986479148813
3400,135,3.8651406145913403,16.52177254004003,20.38691315463137
3400,140,3.7521778392582235,16.95299394613156,20.705171785389783
3400,145,3.640174120693284,17.360092527776644,21.00026664846993
3400,150,3.529358367996912,17.744252489122804,21.273610857119714
3400,155,3.4199316234613746,18.106600260723578,21.526531884184955
3400,160,3.312069433621316,18.44820731723811,21.76027675085943
3400,165,3.2059240433546403,18.77009285770972,21.97601690106436
3400,170,3.1016264253782975,19.07322635512569,22.17485278050399
3400,175,2.999288156656664,19.35852998163339,22.35781813829005
3400,180,2.8990031524667628,19.62688091547713,22.525884067943895
3400,185,2.8008492681421844,19.879113535424228,22.67996280356641
3400,190,2.70488977784208,20.11602150816753,22.820911286009608
3400,195,2.611174739060523,20.338359773924047,22.94953451298457
3400,200,2.519742251001875,20.546846435194617,23.066588686196493
3500,10,5.475775058373822,6.866632077456791,1.3908570190829694
3500,15,5.568192427163554,5.190586252068869,0.37760617509468575
3500,20,5.634349792043852,3.5996341253931416,2.0347156666507105
3500,25,5.676845801358027,2.0896172592901494,3.5872285420678773
3500,30,5.698072516359981,0.6565800459392312,5.041492470420749
3500,35,5.7002303244229475,0.7032401843649894,6.403470508787937
3500,40,5.685341831812685,1.9934225729676125,7.678764404780297
3500,45,5.6552648035510105,3.2173716836891186,8.872636487240129
3500,50,5.61170421352633,4.378326017123505,9.990030230649834
3500,55,5.55622346391672,5.479366109689063,11.035589573605783
3500,60,5.490254829161303,6.523422237683662,12.013677066844966
3500,65,5.415109176129332,7.51328174560871,12.928390921738043
3500,70,5.33198500877993,8.451596017086407,13.783581025866336
3500,75,5.241976882462635,9.340887105801187,14.582863988263822
3500,80,5.146083230067647,10.183554043046275,15.32963727311392
3500,85,5.045213639481301,10.981878837647308,16.02709247712861
3500,90,4.940195619225459,11.738032183266297,16.678227802491758
3500,95,4.83178088674803,12.454078887356786,17.285859774104818
3500,100,4.7206512115746015,13.131983035345721,17.852634246920324
3500,105,4.607423843419618,13.773612902954993,18.381036746374612
3500,110,4.492656553379034,14.380745628946215,18.87340218232525
3500,115,4.376852314477776,14.955071659972774,19.33192397445055
3500,120,4.260463646115068,15.498198978653942,19.758662624769013
3500,125,4.143896645332699,16.0116571254431,20.155553770775803
3500,130,4.027514726317177,16.496901024347046,20.52441575066422
3500,135,3.91164208813079,16.95531462206276,20.866956710193552
3500,140,3.796566929342092,17.388214349631074,21.18478127897317
3500,145,3.6825444269875725,17.796852415263515,21.479396842251084
3500,150,3.569799496137903,18.18241993657589,21.752219432713794
3500,155,3.458529345258901,18.546049920060938,22.004579265319837
3500,160,3.348905841544387,18.88882009525029,22.237725936794675
3500,165,3.241077699451332,19.211755610652514,22.45283331010385
3500,170,3.135172504782071,19.515831598208706,22.651004102990775
3500,175,3.0312985858310855,19.801975612677868,22.833274198508953
3500,180,2.929546742339981,20.071069952052035,23.00061669439202
3500,185,2.8299918422815242,20.3239538648032,23.153945707084727
3500,190,2.732694295817739,20.561425649481553,23.29411994529929
3500,195,2.6377014151457696,20.784244651914786,23.421946067060556
3500,200,2.5450486683551827,20.99313316500293,23.538181833358113
3600,10,5.61278026624199,6.547406570163338,0.9346263039213487
3600,15,5.699175408759466,4.8632350479777315,0.835940360781734
3600,20,5.7595642918731205,3.2646126817010512,2.4949516101720692
3600,25,5.796535609892583,1.7473586725632484,4.049176937329335
3600,30,5.812471808806943,0.3074961430227341,5.504975665784209
3600,35,5.809563991859451,1.0587578086423244,6.868321800501775
3600,40,5.789825804520321,2.355001568699433,8.144827373219753
3600,45,5.755106366424551,3.5846580069394283,9.339764373363979
3600,50,5.7071023134679875,4.750983036768785,10.458085350236773
3600,55,5.647369009160505,5.85707375782116,11.504442766981665
3600,60,5.5773309805015465,6.905876201448829,12.483207181950375
3600,65,5.498291630054408,7.9001926984621464,13.398484328516554
3600,70,5.411442272535657,8.842688887539786,14.254131160075445
3600,75,5.317870541091533,9.73590038183472,15.053770922926251
3600,80,5.2185682054885385,10.582239110445874,15.800807315934412
3600,85,5.114438441690806,11.383999350612381,16.49843779230319
3600,90,5.006302589717353,12.143363465714193,17.149666055431545
3600,95,4.894906434259101,12.86240736342689,17.757313797685992
3600,100,4.780926040277064,13.543105687679082,18.324031727956147
3600,105,4.66497317368941,14.187336757394894,18.852309931084303
3600,110,4.547600335277642,14.796887264370948,19.34448759964859
3600,115,4.429305434092045,15.373456742035248,19.802762176127295
3600,120,4.31053612490528,15.918661816261764,20.229197941167044
3600,125,4.191693832643735,16.43404024887034,20.625734081514075
3600,130,4.0731374852114515,16.921054783922663,20.994192269134114
3600,135,3.955186974704411,17.381096806432,21.336283781136412
3600,140,3.8381263656877587,17.815489822635428,21.653616188323184
3600,145,3.722206867969191,18.225492770531083,21.94769963850027
3600,150,3.607649590142532,18.612303168958444,22.219952759100977
3600,155,3.494648089091861,18.9770601130961,22.471708202187962
3600,160,3.383370729633061,19.32084712386714,22.704217853500204
3600,165,3.2739628675222767,19.644694858377374,22.91865772589965
3600,170,3.166548868175039,19.949583688163752,23.11613255633879
3600,175,3.0612339726118263,20.236446151699997,23.297680124311825
3600,180,2.9581060213719637,20.50616928729202,23.464275308663982
3600,185,2.8572370464145154,20.759596852196545,23.616833898611056
3600,190,2.758684740348808,20.997531433511924,23.75621617386073
3600,195,2.6624938117057204,21.220736456119486,23.883230267825205
3600,200,2.568697234370635,21.429938092696286,23.998635327066918
3700,10,5.741704401283731,6.226547039383395,0.484842638099664
3700,15,5.82239822732421,4.534914532165296,1.2874836951589141
3700,20,5.877328323006658,2.9292527589554083,2.94807556405125
3700,25,5.909073706858347,1.4053602163034806,4.503713490554867
3700,30,5.9200074905661895,0.04075966787345786,5.960767158439648
3700,35,5.912311775798526,1.4129085289656562,7.325220304764182
3700,40,5.887991530373335,2.7147025728993133,8.602694103272649
3700,45,5.848887511371061,3.9495816196918665,9.798469131062928
3700,50,5.79668829841359,5.120817705947972,10.917506004361563
3700,55,5.732941496233565,6.231523267806485,11.96446476404005
3700,60,5.659064161821528,7.284658924800408,12.943723086621937
3700,65,5.5763525078473375,8.283040884093293,13.85939339194063
3700,70,5.485990930689749,9.229347983606683,14.715338914296433
3700,75,5.389060408261184,10.126128391650024,15.515188799911208
3700,80,5.286546309868748,10.975805979805655,16.262352289674403
3700,85,5.1793456575953005,11.780686385004346,16.96003204259965
3700,90,5.068273876104038,12.542962775949901,17.611236652053936
3700,95,4.95407106535483,13.264721338311658,18.218792403666487
3700,100,4.837407828460879,13.947946492400925,18.785354320861806
3700,105,4.718890684799412,14.594525856378235,19.313416541177645
3700,110,4.5990670965114475,15.20625496740192,19.805322063913366
3700,115,4.478430134674541,15.784841772523475,20.263271907198014
3700,120,4.357422809700334,16.331910900559244,20.68933371025958
3700,125,4.236442088888554,16.849007725620297,21.08544981450885
3700,130,4.1158426225535605,17.33760223246149,21.453444855015046
3700,135,3.995940198721884,17.79909269331518,21.795032892037064
3700,140,3.8770149450734093,18.234809165403416,22.111824110476825
3700,145,3.7593142955588674,18.64601681787435,22.405331113433217
3700,150,3.643055737966668,19.033919096481938,22.676974834448608
3700,155,3.5284293576281467,19.399660733922257,22.928090091550406
3700,160,3.4156001914361465,19.74433061335383,23.15993080478998
3700,165,3.30471040540448,20.068964492262346,23.373674897666827
3700,170,3.195881308109461,20.37454759348073,23.570428901590194
3700,175,3.08921521152678,20.66201706984363,23.75123228137041
3700,180,2.9847971500026467,20.93226434863908,23.91706149864173
3700,185,2.882696467374841,21.186137361719865,24.068833829094704
3700,190,2.7829682815831047,21.424442666850858,24.207410948433967
3700,195,2.685654835476663,21.647947465596975,24.33360230107364
3700,200,2.5907867419363044,21.857381522797375,24.44816826473368
3800,10,5.8629168439638,5.904798363637176,0.04188151967337572
3800,15,5.938220373884024,4.20631881081473,1.7319015630692935
3800,20,5.987991477049132,2.594200203263891,3.3937912737852405
3800,25,6.014799804768983,1.0642218661899128,4.9505779385790705
3800,30,6.021009442418953,0.3876310084862167,6.40864045090517
3800,35,6.008793796659939,1.7651774024208533,7.773971199080792
3800,40,5.980149462047468,3.0720500214697353,9.052199483517203
3800,45,5.936909134651732,4.311704380520681,10.248613515172414
3800,50,5.880753635931385,5.487427445253381,11.368181081184767
3800,55,5.813223106003304,6.602345852435723,12.415568958439026
3800,60,5.735727421612502,7.659433729311224,13.395161150923727
3800,65,5.649555890512323,8.661520131630384,14.311076022142707
3800,70,5.555886270601379,9.611296118924809,15.167182389526188
3800,75,5.455793159014579,10.511321484716024,15.967114643730604
3800,80,5.350255793418185,11.364031158487919,16.714286951906104
3800,85,5.240165305000226,12.171741295431318,17.411906600431543
3800,90,5.126331460065826,12.93665506918796,18.062986529253788
3800,95,5.0094889247306815,13.66086818207892,18.6703571068096
3800,100,4.890303084945086,14.34637410659588,19.236677191540966
3800,105,4.769375451965134,14.99506907126175,19.76444452322688
3800,110,4.647248681408213,15.608756803327816,20.25600548473603
3800,115,4.524411232177827,16.18915304016674,20.713564272344566
3800,120,4.401301689810147,16.737889820642142,21.13919151045229
3800,125,4.278312777173862,17.256519567185546,21.53483234435941
3800,130,4.155795073938625,17.746518968787882,21.902314042726506
3800,135,4.034060464809484,18.20929267461522,22.243353139424702
3800,140,3.9133853351981758,18.646176807484487,22.559562142682662
3800,145,3.7940135317619874,19.058442305984936,22.85245583774692
3800,150,3.6761591040808512,19.44729810360225,23.1234572076831
3800,155,3.5600088426589327,19.813894152794774,23.373902995453708
3800,160,3.4457246274228615,20.15932430158375,23.605048929006614
3800,165,3.333445599940774,20.484629029850392,23.818074629791166
3800,170,3.22329017170015,20.790798052182094,24.014088223882244
3800,175,3.1153578799540544,21.07877279377619,24.194130673730246
3800,180,3.009731101871121,21.34944874559233,24.35917984746345
3800,185,2.9064766370010737,21.603677704642603,24.510154341643677
3800,190,2.8056471673914007,21.842269905021265,24.647917072412664
3800,195,2.707282604058981,22.065996045002855,24.773278649061837
3800,200,2.6114113279301647,22.275589215277368,24.88700054320753
3900,10,5.976785035593163,5.582834867366359,0.3939501682268032
3900,15,6.046998593038421,3.8780752336219027,2.168923359416519
3900,20,6.091899885916763,2.2600377157367455,3.831862170180017
3900,25,6.114049529303777,0.7244838873715354,5.389565641932243
3900,30,6.115802909972285,0.7326179450021064,6.848420854974391
3900,35,6.099325063390568,2.115102824635473,8.21442788802604
3900,40,6.066604530229877,3.4266187353055755,9.493223265535452
3900,45,6.0194662600201925,4.670635724368754,10.690101984388948
3900,50,5.959583625211631,5.850454580877701,11.810038206089333
3900,55,5.8884896047969,6.969215090461442,12.857704695258343
3900,60,5.80758719280964,8.029903887610013,13.837491080419653
3900,65,5.718159083418192,9.035361924998625,14.753521008416817
3900,70,5.621376680969051,9.988291578528239,15.609668259497289
3900,75,5.518308480183475,10.891263405849363,16.40957188603284
3900,80,5.409927858762592,11.746722575268334,17.156650434030926
3900,85,5.297120321895994,12.556994981112288,17.85411530300828
3900,90,5.180690235586409,13.324293060843873,18.504983296430282
3900,95,5.061367083285692,14.05072132847198,19.11208841175767
3900,100,4.939811278075555,14.738281638094591,19.678092916170147
3900,105,4.81661956051012,15.38887819073555,20.20549775124567
3900,110,4.6923300102571295,16.004322296994864,20.696652307251995
3900,115,4.5674266978218565,16.586336907421657,21.153763605243515
3900,120,4.4423440009048365,17.136560921938145,21.578904922842984
3900,125,4.317470608322909,17.656553289090315,21.974023897413222
3900,130,4.19315323290667,18.14779690537574,22.34095013828241
3900,135,4.069700053368994,18.61170232439873,22.681402377767725
3900,140,3.947383903812482,19.049611285127764,22.99699518894025
3900,145,3.826445228303245,19.46280006807763,23.289245296380876
3900,150,3.7070948167782003,19.852482687808475,23.559577504586677
3900,155,3.5895163374683916,20.219813929724747,23.80933026719314
3900,160,3.473868680006562,20.565892238767553,24.039760918774114
3900,165,3.3602881224391736,20.89176246722371,24.252050589662886
3900,170,3.2488903344766347,21.198418488522417,24.447308822999055
3900,175,3.139772228487164,21.48680568355543,24.626577912042595
3900,180,3.033013668965303,21.757823305737897,24.7908369747032
3900,185,2.9286790504825064,22.01232673072356,24.94100578120607
3900,190,2.826818753451079,22.251129596400105,25.077948349851187
3900,195,2.7274704864008235,22.47500583851536,25.202476324916184
3900,200,2.6306605228775424,22.684691627024954,25.3153521499025
4000,10,6.0836718017091505,5.261265925009978,0.8224058766991726
4000,15,6.149084436976682,3.5507497157519605,2.5983347212247208
4000,20,6.189393989177505,1.927289906105456,4.262104083072049
4000,25,6.207152383870584,0.3866316328567154,5.820520751013869
4000,30,6.20470665047399,1.0752724324275598,7.27997908290155
4000,35,6.184213788615125,2.46227220504735,8.646485993662475
4000,40,6.14765461417302,3.7780298151778524,9.925684429350873
4000,45,6.09684665266339,5.026028766314433,11.122875418977824
4000,50,6.033456143233387,6.209582647054695,12.243038790288082
4000,55,5.959009212429556,7.331843418001818,13.290852630431374
4000,60,5.874902273060184,8.395809294510768,14.27071156757095
4000,65,5.782411699877166,9.404332244988197,15.186743944865363
4000,70,5.68270283043521,10.360125123495909,16.04282795393112
4000,75,5.576838336335066,11.26576845449291,16.842606790827976
4000,80,5.465786007107826,12.123716886681645,17.589502893789472
4000,85,5.350425986236484,12.93630533209622,18.286731318332706
4000,90,5.231557496227361,13.705754805783682,18.937312302011044
4000,95,5.109905087226234,14.434177980680445,19.54408306790668
4000,100,4.986124441411532,15.123584471574212,20.10970891298574
4000,105,4.860807763279838,15.77588586136379,20.636693624643627
4000,110,4.734488783958376,16.392900482185162,21.12738926614354
4000,115,4.607647405825986,16.97635796335929,21.584005369185277
4000,120,4.480714011990522,17.52790355753356,22.00861756952408
4000,125,4.354073463548902,18.049102255834843,22.403175719383743
4000,130,4.228068806039252,18.541442702323973,22.769511508363227
4000,135,4.103004705075835,19.0063409175399,23.109345622615738
4000,140,3.979150629830588,19.445143840444274,23.424294470274862
4000,145,3.856743801784336,19.85913269762333,23.715876499407667
4000,150,3.7359919250104614,20.249526208171606,23.98551813318207
4000,155,3.617075713168947,20.61748363227156,24.234559345440505
4000,160,3.5001512273744297,20.96410767109209,24.46425889846652
4000,165,3.385352038153729,21.290447225257136,24.675799263410866
4000,170,3.272791223821852,21.597500018782135,24.870291242603987
4000,175,3.1625632167771527,21.88621509503938,25.048778311816534
4000,180,3.0547455084418114,22.157495190993608,25.212240699435423
4000,185,2.9494002228503735,22.412198995644623,25.361599218495
4000,190,2.8465755682127307,22.65114329832426,25.49771886653699
4000,195,2.746307175146293,22.87510503221949,25.621412207365783
4000,200,2.6486193296817158,23.084823218231627,25.73344254791334
